Workbook

Sheet Form responses 1
A1: Timestamp | B1: Email address | C1: Surveyor Name | D1: Column 58 | E1: Road Name (Main) | F1: Road Name (Cross) | G1: Area Name | H1: Dist. (m) | I1: Location (Google Maps link) | J1: Road Sign | K1: Use | L1: Material | M1: Width (m) | N1: Road Condition | O1: Side (N/E) | P1: Attachment 1 Type | Q1: Attachment 1 Width (m) | R1: Attachment 1 Dated | S1: Attachment 1 Condition | T1: Attachment 1 Notes | U1: Attachment 2 Type | V1: Attachment 2 Width (m) | W1: Attachment 2 Dated | X1: Attachment 2 Condition | Y1: Attachment 2 Notes | Z1: Side (S/W) | AA1: Attachment 1 Type (S/W) | AB1: Attachment 1 Width (m) (S/W) | AC1: Attachment 1 Dated (S/W) | AD1: Attachment 1 Condition (S/W) | AE1: Attachment 1 Notes (S/W) | AF1: Attachment 2 Type (S/W) | AG1: Attachment 2 Width (m) (S/W) | AH1: Attachment 2 Dated (S/W) | AI1: Attachment 2 Condition (S/W) | AJ1: Attachment 2 Notes (S/W) | AK1: SWG Side (N/E) | AL1: SWG Type (N/E) | AM1: SWG Width (m) (N/E) | AN1: SWG Dated (N/E) | AO1: SWG Condition (N/E) | AP1: SWG Notes (N/E) | AQ1: SWG Side (S/W) | AR1: SWG Width (m) (S/W) | AS1: SWG Dated (S/W) | AT1: SWG Condition (S/W) | AU1: SWG Notes (S/W) | AV1: UGD Existing | AW1: UGD Type | AX1: UGD Date | AY1: UGD Pipe Dia (mm) | AZ1: UGD Condition | BA1: Jalasiri Existing | BB1: Jalasiri Condition | BC1: Jalasiri Note | BD1: Light Type | BE1: Electrical Condition | BF1: Electrical Notes
A2: 46225.49 | C2: Soumya s s | D2: 1 | E2: 1st main | F2: 1st cross | G2: Azaad nagar | H2: 263 | I2: https://maps.app.goo.gl/HyYPiq6CU7WYDUio7?g_st=ac | J2: Yes | K2: Comercial | L2: Concrete | M2: 5.5 | N2: Good | O2: North | P2: Bund | Q2: ?? | R2: 45495 | S2: Good | T2: -- | Z2: South | AA2: Bund | AB2: 1.25 | AC2: 45495 | AD2: Required | AE2: Bund pavement connected to road pavement required | AK2: North | AL2: FFL Gutter | AM2: 0.9 | AN2: 45495 | AO2: Good | AP2: -- | AQ2: South | AR2: 1 | AS2: 45495 | AT2: Good | AU2: -- | AV2: Yes | AW2: PVC | AX2: 45495 | AY2: 0.15 | AZ2: Good | BA2: Yes | BB2: Maintenance | BC2: Jalasiri is their but no water | BD2: LED- Pole | BE2: Good
A3: 46225.496 | C3: Soumya s s | D3: 2 | E3: 1st | F3: 1st cross | G3: Bidi layout | H3: 119 | I3: https://maps.app.goo.gl/cR9D6bG4V1ae3t969 | J3: No | K3: Residential | L3: Concrete | M3: 4 | N3: Good | O3: East | P3: Pavers (Elevated) | Q3: 0.6 | R3: 45495 | S3: Required | T3: Pavement attached to road pavement required | Z3: West | AA3: Pavers (Elevated) | AB3: 0.6 | AC3: 45495 | AD3: Required | AE3: -- | AK3: East | AL3: FFL Gutter | AM3: 0.6 | AN3: 45495 | AO3: Good | AP3: -- | AQ3: West | AR3: 0.6 | AS3: 45495 | AT3: Good | AU3: -- | AV3: Yes | AW3: PVC | AX3: 45495 | AY3: 0.15 | AZ3: Good | BA3: Yes | BB3: Maintenance | BC3: Jalasiri outdated | BD3: LED- Pole | BE3: Good
A4: 46225.499 | C4: Soumya s s | D4: 3 | E4: 1st main | F4: 2nd cross | G4: Bidi layout | H4: 74 | I4: https://maps.app.goo.gl/pLHN18cH3mcV2gzw9 | J4: Yes | K4: Residential | L4: Concrete | M4: 4 | N4: Good | O4: North | P4: Divider (Concrete) | Q4: 0.9 | R4: 45495 | S4: Good | T4: -- | Z4: South | AA4: Divider (Concrete) | AB4: 0.9 | AC4: 45495 | AD4: Good | AE4: -- | AK4: North | AL4: FFL Gutter | AM4: 0.9 | AN4: 45495 | AO4: Good | AP4: -- | AQ4: South | AR4: 0.9 | AS4: 45495 | AT4: Good | AU4: -- | AV4: Yes | AW4: PVC | AX4: 45495 | AY4: 0.15 | AZ4: Good | BA4: Yes | BB4: Maintenance | BC4: -- | BD4: LED- Pole | BE4: Good
A5: 46225.502 | C5: Soumya s s | D5: 4 | E5: 1st main | F5: 3rd cross | G5: Bidi layout | H5: 71 | I5: https://maps.app.goo.gl/Gp5QtpNYPznhNUFv7 | J5: Yes | K5: Residential | L5: Concrete | M5: 4.3 | N5: Good | O5: North | P5: Pavers | Q5: 1 | R5: 45495 | S5: Good | T5: -- | Z5: South | AA5: Divider (Concrete) | AB5: 1 | AC5: 45495 | AD5: Good | AE5: -- | AK5: North | AL5: FFL Gutter | AM5: 0.9 | AN5: 45129 | AO5: Good | AP5: -- | AQ5: South | AR5: 0.9 | AS5: 45129 | AT5: Good | AU5: -- | AV5: Yes | AW5: PVC | AX5: 45495 | AY5: 0.15 | AZ5: Good | BA5: Yes | BB5: Maintenance | BC5: Jalasiri existed but water is not comming | BD5: LED- Pole | BE5: Good
A6: 46225.505 | C6: Soumya s s | D6: 5 | E6: 1st main | F6: 4th cross | G6: Bidi layout | H6: 76 | I6: https://maps.app.goo.gl/73voYDzBPYqGWaVC6 | J6: Yes | K6: Residential | L6: Concrete | M6: 4.2 | N6: Good | O6: North | P6: Pavers | Q6: 1.3 | R6: 45495 | S6: Good | T6: -- | Z6: South | AA6: Pavers | AB6: 1.3 | AC6: 45495 | AD6: Good | AE6: -- | AK6: North | AL6: FFL Gutter | AM6: 0.9 | AN6: 45495 | AO6: Good | AP6: -- | AQ6: South | AR6: 0.9 | AS6: 45495 | AT6: Good | AU6: -- | AV6: Yes | AW6: PVC | AX6: 45495 | AY6: 0.15 | AZ6: Good | BA6: Yes | BB6: Maintenance | BC6: Jalasiri existed but no water supply | BD6: LED- Pole | BE6: Good
A7: 46225.509 | C7: Soumya s s | D7: 6 | E7: 1st main | F7: 5th cross | G7: Bidi layout | H7: 111 | I7: https://maps.app.goo.gl/otZnEJ3NMnsQtbne7?g_st=ac | J7: Yes | K7: Residential | L7: Concrete | M7: 4.3 | N7: Good | O7: North | P7: Bund | Q7: 1 | R7: 45495 | S7: Good | T7: -- | Z7: South | AA7: Bund | AB7: 1 | AC7: 45495 | AD7: Good | AE7: -- | AK7: North | AL7: FFL Gutter | AM7: 0.9 | AN7: 45495 | AO7: Good | AP7: -- | AQ7: South | AR7: 0.9 | AS7: 45495 | AT7: Good | AU7: -- | AV7: Yes | AW7: PVC | AX7: 45495 | AY7: 0.15 | AZ7: Good | BA7: Yes | BB7: Maintenance | BC7: Jalasiri existed but no water supply | BD7: LED- Pole | BE7: Good
A8: 46225.527 | C8: Soumya s s | D8: 7 | E8: 1st main | F8: 6th cross | G8: Bidi layout | H8: 273 | I8: https://maps.app.goo.gl/ivVsEADrkyEbaTQx5 | J8: Yes | K8: Residential | L8: Concrete | M8: 5.5 | N8: Good | O8: North | P8: Divider (Concrete) | Q8: 2 | R8: 2024 | S8: Good | T8: -- | Z8: South | AA8: Divider (Concrete) | AB8: 2 | AC8: 2024 | AD8: Good | AE8: -- | AK8: North | AL8: FFL Gutter | AM8: 0.9 | AN8: 2024 | AO8: Good | AP8: -- | AQ8: South | AR8: 0.9 | AS8: 2024 | AT8: Good | AU8: -- | AV8: Yes | AW8: PVC | AX8: 2024 | AY8: 0.15 | AZ8: Good | BA8: Yes | BB8: Maintenance | BC8: Jalasiri existed but no water supply | BD8: LED- Pole | BE8: Good
A9: 46225.53 | C9: Soumya s s | D9: 8 | E9: 1st | F9: 7th cross | G9: Bidi layout | H9: 114 | I9: https://maps.app.goo.gl/Df5abVQ39khu3Uuh8 | J9: Yes | K9: Residential | L9: Concrete | M9: 4.1 | N9: Good | O9: North | P9: Bund | Q9: 0 | R9: 2024 | S9: Required | T9: -- | Z9: South | AA9: Bund | AB9: 0 | AC9: 2014 | AD9: Required | AE9: -- | AK9: North | AL9: FFL Gutter | AM9: 0.9 | AN9: 2014 | AO9: Good | AP9: -- | AQ9: South | AR9: 0.9 | AS9: 2024 | AT9: Good | AU9: -- | AV9: Yes | AW9: PVC | AX9: 2014 | AY9: 0.15 | AZ9: Good | BA9: Yes | BB9: Maintenance | BC9: Jalasiri existed but no water supply | BD9: LED- Pole | BE9: Good
A10: 46225.533 | C10: Soumya ss | D10: 9 | E10: 1 st main | F10: 8 cross | G10: Bidi layout | H10: 115 | I10: https://maps.app.goo.gl/UXn4hyJBM4gBniBG7 | J10: Yes | K10: Residential | L10: Concrete | M10: 4.3 | N10: Good | O10: North | P10: Divider (Concrete) | Q10: 0.7 | R10: 2025 | S10: Good | T10: -- | Z10: South | AA10: Divider (Concrete) | AB10: 0.9 | AC10: 2024 | AE10: -- | AK10: North | AL10: FFL Gutter | AM10: 0.9 | AN10: 2024 | AO10: Good | AP10: -- | AQ10: South | AR10: 0.9 | AS10: 2024 | AT10: Good | AU10: -- | AV10: Yes | AW10: PVC | AX10: 2014 | AY10: 0.15 | AZ10: Good | BA10: Yes | BB10: Maintenance | BC10: Jalasiri existed no water supply | BD10: LED- Pole | BE10: Good
A11: 46225.536 | C11: Soumya s s | D11: 10 | E11: 1st main | F11: 9th cross | G11: Bidi layout | H11: 121 | I11: https://maps.app.goo.gl/JUJn9VHdQRsdEYSZA?g_st=ac | J11: Yes | K11: Residential | L11: Concrete | M11: 4.2 | N11: Good | O11: North | P11: Bund | Q11: 0.9 | R11: 2024 | S11: Good | T11: -- | Z11: South | AA11: Bund | AB11: 0.9 | AC11: 2024 | AD11: Good | AE11: -- | AK11: North | AL11: FFL Gutter | AM11: 0.9 | AN11: 2024 | AO11: Good | AP11: -- | AQ11: South | AR11: 0.9 | AS11: 2024 | AT11: Good | AU11: -- | AV11: Yes | AW11: PVC | AX11: 2024 | AY11: 0.15 | AZ11: Good | BA11: Yes | BB11: Maintenance | BC11: Jalasiri existed but no water supply | BD11: LED- Pole | BE11: Good
A12: 46225.546 | C12: Soumya s s | D12: 11 | E12: 1st main | F12: 10th cross | G12: Bidi layout | H12: 301 | I12: https://maps.app.goo.gl/nkQ4fBa1y3aMdDz49 | J12: Yes | K12: Residential | L12: Concrete | M12: 6.2 | N12: Good | O12: North | P12: Divider (Concrete) | Q12: 2.7 | R12: 2024 | S12: Good | T12: -- | Z12: South | AA12: Divider (Concrete) | AB12: 0.5 | AC12: 2024 | AD12: Required | AE12: -- | AK12: North | AL12: FFL Gutter | AM12: 0.9 | AN12: 2024 | AO12: Good | AP12: -- | AQ12: South | AR12: 0.9 | AS12: 2024 | AT12: Good | AU12: -- | AV12: Yes | AW12: PVC | AX12: 2024 | AY12: 0.15 | AZ12: Good | BA12: Yes | BB12: Maintenance | BC12: Jalasiri existed but no water supply | BD12: LED- Pole | BE12: Good
A13: 46225.549 | C13: Soumya s s | D13: 12 | E13: 1st main | F13: 11th cross | G13: Bidi layout | H13: 125 | I13: https://maps.app.goo.gl/5qn9egSj5c6xphs1A | J13: Yes | K13: Residential | L13: Concrete | M13: 4.5 | N13: Good | O13: North | P13: Bund | Q13: 0.9 | R13: 2024 | S13: Required | T13: -- | Z13: South | AA13: Bund | AB13: 0.9 | AC13: 2024 | AD13: Good | AE13: -- | AK13: North | AL13: FFL Gutter | AM13: 0.9 | AN13: 2024 | AO13: Good | AP13: -- | AQ13: South | AR13: 0.9 | AS13: 2024 | AT13: Good | AU13: -- | AV13: Yes | AW13: PVC | AX13: 2024 | AY13: 0.15 | AZ13: Good | BA13: Yes | BB13: Good | BC13: Jalasiri existed but no water supply | BD13: LED- Pole | BE13: Good
A14: 46225.552 | C14: Soumya s s | D14: 13 | E14: 1 st main | F14: 12 cross | G14: Bidi layout | H14: 130 | I14: https://maps.app.goo.gl/8v5xbD6h6CkqVHNF6?g_st=ac | J14: Yes | K14: Residential | L14: Concrete | M14: 4 | N14: Good | O14: North | P14: Divider (Concrete) | Q14: 1.3 | R14: 2024 | S14: Good | T14: -- | Z14: South | AA14: Divider (Concrete) | AB14: 1.3 | AC14: 2024 | AD14: Good | AE14: -- | AK14: North | AL14: FFL Gutter | AM14: 1.3 | AN14: 2024 | AO14: Good | AP14: -- | AQ14: South | AR14: 0.9 | AS14: 2024 | AT14: Good | AU14: -- | AV14: Yes | AW14: PVC | AX14: 2024 | AY14: 0.15 | AZ14: Good | BA14: Yes | BB14: Maintenance | BC14: Jalasiri existed but no water supply | BD14: LED- Pole | BE14: Good
A15: 46225.554 | C15: Soumya ss | D15: 14 | E15: 1st main | F15: 13 th cross | G15: Bidi layout | H15: 126 | I15: https://maps.app.goo.gl/isNVvj3Wc2z2nD8r9 | J15: Yes | K15: Residential | L15: Concrete | M15: 5 | N15: Good | O15: North | P15: Divider (Concrete) | Q15: 0.9 | R15: 2024 | S15: Good | T15: -- | Z15: South | AA15: Divider (Concrete) | AB15: 0.9 | AC15: 2024 | AD15: Good | AE15: -- | AK15: North | AL15: FFL Gutter | AM15: 0.7 | AN15: 2024 | AO15: Good | AP15: -- | AQ15: South | AR15: 0.7 | AS15: 2014 | AT15: Good | AU15: -- | AV15: Yes | AW15: PVC | AX15: 2024 | AY15: 0.15 | AZ15: Good | BA15: Yes | BB15: Maintenance | BC15: Jalasiri existed but no water supply | BD15: LED- Pole | BE15: Good
A16: 46225.557 | C16: Soumya s s | D16: 15 | E16: 1st main | F16: 14 th cross | G16: Bidi layout | H16: 134 | I16: https://maps.app.goo.gl/PHKZsxb1V8Y7txZD7 | J16: Yes | K16: Residential | L16: Concrete | M16: 4.1 | N16: Good | O16: North | P16: Divider (Concrete) | Q16: 0.8 | R16: 2024 | S16: Good | T16: -- | Z16: South | AA16: Divider (Concrete) | AB16: 0.8 | AC16: 2024 | AD16: Good | AE16: -- | AK16: North | AL16: FFL Gutter | AM16: 0.7 | AN16: 2024 | AO16: Good | AP16: -- | AQ16: South | AR16: 0.7 | AS16: 2024 | AT16: Good | AU16: -- | AV16: Yes | AW16: PVC | AX16: 2024 | AY16: 0.15 | AZ16: Good | BA16: Yes | BB16: Good | BC16: Jalasiri existed but no water supply | BD16: LED- Pole | BE16: Good
A17: 46225.559 | C17: Soumya s s | D17: 16 | E17: 1 st main | F17: 15 th cross | G17: Bidi layout | H17: 134 | I17: https://maps.app.goo.gl/YiVV8djsuY1DHvJU9 | J17: Yes | K17: Residential | L17: Concrete | M17: 4.1 | N17: Good | O17: North | P17: Divider (Concrete) | Q17: 0.6 | R17: 2024 | S17: Good | T17: -- | Z17: South | AA17: Divider (Concrete) | AB17: 0.6 | AC17: 2024 | AD17: Good | AE17: -- | AK17: North | AL17: FFL Gutter | AM17: 0.6 | AN17: 2024 | AO17: Good | AP17: -- | AQ17: South | AR17: 0.5 | AS17: 2024 | AT17: Good | AU17: -- | AV17: Yes | AW17: PVC | AX17: 2014 | AY17: 0.15 | AZ17: Good | BA17: Yes | BB17: Good | BC17: Jalasiri existed but no water | BD17: LED- Pole | BE17: Good
A18: 46225.562 | C18: Soumya s s | D18: 17 | E18: 1 st main | F18: 16th cross | G18: Bidi layout | H18: 138 | I18: https://maps.app.goo.gl/ZQsxAzmAg1afNERX9 | J18: No | K18: Residential | L18: Concrete | M18: 2.8 | N18: Good | O18: North | P18: n/a | Q18: 0 | R18: na | S18: Required | T18: -- | Z18: South | AA18: na | AB18: 0 | AD18: Required | AK18: North | AL18: FFL Gutter | AM18: 0.9 | AN18: 2023 | AO18: Good | AP18: -- | AQ18: South | AR18: 0.9 | AS18: 2023 | AT18: Good | AU18: -- | AV18: Yes | AW18: PVC | AX18: 2024 | AY18: 0.15 | AZ18: Good | BA18: Yes | BB18: Maintenance | BC18: -- | BD18: LED- Pole | BE18: Good
A19: 46227.517 | C19: Prashantgouda | D19: 18 | E19: 1st Main | F19: 2st cross | G19: Siddrameshwara badavane | H19: 136 | I19: https://maps.app.goo.gl/UkQT9iL1ejTnDw2h7?g_st=ac | J19: Yes | K19: Residential | L19: Concrete | M19: 1.2 | N19: Good | O19: North | P19: n/a | Q19: 0 | R19: 2020 | S19: Good | T19: -- | Z19: South | AA19: n/a | AB19: 0 | AC19: na | AD19: n/a | AE19: Connected to concrete road | AK19: North | AL19: FFL Gutter | AM19: 0.6 | AN19: 2020 | AO19: Good | AP19: -- | AQ19: South | AR19: 0.6 | AS19: 2020 | AT19: Good | AU19: -- | AV19: No | AW19: n/a | AX19: na | AY19: 0 | AZ19: n/a | BA19: Yes | BB19: Maintenance | BC19: Jalasiri existed but no water supply | BD19: LED- Pole | BE19: Good
A20: 46227.521 | C20: Prashantgouda | D20: 19 | E20: 1st main | F20: 3rd cross | G20: Siddrameshwara badavane | H20: 130 | I20: https://maps.app.goo.gl/Eyop4MuNCTYp9V246?g_st=ac | J20: Yes | K20: Residential | L20: Concrete | M20: 3 | N20: Good | O20: North | P20: n/a | Q20: 0 | R20: 2020 | S20: Good | T20: Connected to concrete road | Z20: South | AA20: n/a | AB20: 0 | AC20: na | AD20: n/a | AE20: -- | AK20: North | AL20: FFL Gutter | AM20: 0.6 | AN20: 2020 | AO20: Good | AP20: -- | AQ20: South | AR20: 0 | AS20: 2020 | AT20: Good | AU20: -- | AV20: No | AW20: n/a | AX20: na | AY20: 0 | AZ20: n/a | BA20: Yes | BB20: Maintenance | BC20: -- | BD20: LED- Pole | BE20: Good
A21: 46227.528 | C21: Prashantgouda | D21: 20 | E21: 1st main | F21: 4th cross | G21: Siddrameshwara badavane | H21: 119 | I21: https://maps.app.goo.gl/fT28yezdSeraqi5F7?g_st=ac | J21: Yes | K21: Residential | L21: Concrete | M21: 2.5 | N21: Good | O21: North | P21: n/a | Q21: 0 | R21: n/a | S21: n/a | T21: -- | Z21: South | AA21: n/a | AB21: 0 | AC21: na | AD21: n/a | AE21: -- | AK21: North | AL21: FFL Gutter | AM21: 0.6 | AN21: 2020 | AO21: ?? | AP21: -- | AQ21: South | AR21: 0.6 | AS21: 2020 | AT21: Maintenance | AU21: -- | AV21: No | AW21: n/a | AX21: na | AY21: 0 | AZ21: n/a | BA21: Yes | BB21: Maintenance | BC21: Jalasiri existed but no water supply | BD21: LED- Pole | BE21: Good
A22: 46227.532 | C22: Prashantgouda | D22: 21 | E22: 1st main | F22: 5th cross | G22: Siddrameshwara badavane | H22: 100 | I22: https://maps.app.goo.gl/uwvqdukQZGHBhoeC8 | J22: Yes | K22: Residential | L22: Concrete | M22: 2.5 | N22: Good | O22: North | P22: n/a | Q22: 0 | R22: na | S22: n/a | T22: -- | Z22: South | AA22: n/a | AB22: 0 | AC22: na | AD22: n/a | AE22: -- | AK22: North | AL22: FFL Gutter | AM22: 0.6 | AN22: 2020 | AO22: Good | AP22: -- | AQ22: South | AR22: 0.6 | AS22: 2020 | AT22: Good | AU22: -- | AV22: No | AW22: n/a | AX22: na | AY22: 0 | AZ22: n/a | BA22: Yes | BB22: Maintenance | BC22: Jalasiri existed but no water supply | BD22: LED- Pole | BE22: Good
A23: 46227.534 | C23: Prashanth gouda | D23: 22 | E23: 1st main | F23: 6th cross | G23: Siddrameshwara badavane | H23: 93 | I23: https://maps.app.goo.gl/wGrr18xVuGJtkHQo9?g_st=ac | J23: Yes | K23: Residential | L23: Concrete | M23: 2.5 | N23: Good | O23: North | P23: n/a | Q23: 0 | R23: na | S23: n/a | T23: -- | Z23: South | AA23: n/a | AB23: 0 | AC23: na | AD23: n/a | AE23: -- | AK23: North | AL23: FFL Gutter | AM23: 0.6 | AN23: 2020 | AO23: Maintenance | AP23: -- | AQ23: South | AR23: 0.6 | AS23: 2020 | AT23: Maintenance | AU23: -- | AV23: No | AW23: n/a | AX23: na | AY23: 0 | AZ23: n/a | BA23: Yes | BB23: Maintenance | BC23: Jalasiri existed but no water supply | BD23: LED- Pole | BE23: Good
A24: 46227.536 | C24: Prashant gouda | D24: 23 | E24: 1st main | F24: 7th cross | G24: Siddrameshwara | H24: 60 | I24: https://maps.app.goo.gl/rcL8LVYAkqJE6gMW6 | J24: Yes | K24: Residential | L24: Concrete | M24: 3.2 | N24: Good | O24: North | P24: n/a | Q24: 0 | R24: na | S24: n/a | T24: -- | Z24: South | AA24: n/a | AB24: 0 | AC24: na | AD24: n/a | AE24: -- | AK24: North | AL24: FFL Gutter | AM24: 0.6 | AN24: 2020 | AO24: Maintenance | AP24: -- | AQ24: South | AR24: 0.6 | AS24: 2020 | AT24: Maintenance | AU24: -- | AV24: No | AW24: n/a | AX24: na | AY24: 0 | AZ24: n/a | BA24: Yes | BB24: Maintenance | BC24: -- | BD24: LED- Pole | BE24: Good
A25: 46227.539 | C25: Prashant gouda | D25: 24 | E25: 1st main | F25: 8th cross | G25: Siddrameshwara badavane | H25: 78 | I25: https://maps.app.goo.gl/34xQrweB3GAfJnLMA | J25: Yes | K25: Residential | L25: Concrete | M25: 2.5 | N25: Good | O25: North | P25: n/a | Q25: 0 | R25: na | S25: n/a | T25: -- | Z25: South | AA25: n/a | AB25: 0 | AC25: na | AD25: n/a | AE25: -- | AK25: North | AL25: FFL Gutter | AM25: 0.6 | AN25: 2020 | AO25: Maintenance | AP25: -- | AQ25: South | AR25: 0.6 | AS25: 2020 | AT25: Maintenance | AU25: -- | AV25: No | AW25: n/a | AX25: na | AY25: 0 | AZ25: n/a | BA25: Yes | BB25: Maintenance | BC25: -- | BD25: LED- Pole | BE25: Good
A26: 46227.541 | C26: Prashant gouda | D26: 25 | E26: 1st main | F26: 9th cross | G26: Siddrameshwara badavane | H26: 60 | I26: https://maps.app.goo.gl/FbwqRkSNd5Ucc5Lq6?g_st=ac | J26: Yes | K26: Residential | L26: Concrete | M26: 2.7 | N26: Good | O26: North | P26: n/a | Q26: 0 | R26: na | S26: n/a | T26: -- | Z26: South | AA26: n/a | AB26: 0 | AC26: na | AD26: n/a | AE26: -- | AK26: North | AL26: FFL Gutter | AM26: 0.6 | AN26: 2020 | AO26: Good | AP26: -- | AQ26: South | AR26: 0.6 | AS26: 2020 | AT26: Good | AU26: -- | AV26: No | AW26: n/a | AX26: na | AY26: 0 | AZ26: n/a | BA26: Yes | BB26: Maintenance | BC26: -- | BD26: LED- Pole | BE26: Good
A27: 46227.544 | C27: Prashant gouda | D27: 26 | E27: 1st main | F27: 10th cross | G27: Siddrameshwara badavane | H27: 52 | I27: https://maps.app.goo.gl/EmzyAGQpx7a9zo39A | J27: Yes | K27: Residential | L27: Concrete | M27: 2.5 | N27: Good | O27: North | P27: n/a | Q27: 0 | R27: na | S27: n/a | T27: -- | Z27: South | AA27: n/a | AB27: 0 | AC27: na | AD27: n/a | AE27: -- | AK27: North | AL27: FFL Gutter | AM27: 0.6 | AN27: 2002 | AO27: Maintenance | AP27: -- | AQ27: South | AR27: 0.6 | AS27: 2020 | AT27: Maintenance | AU27: -- | AV27: No | AW27: n/a | AX27: na | AY27: 0 | AZ27: n/a | BA27: Yes | BB27: Maintenance | BC27: -- | BD27: LED- Pole | BE27: Good
A28: 46227.546 | C28: Prashanth gouda | D28: 27 | E28: 1st main | F28: 11th cross | G28: Siddrameshwara badavane | H28: 50 | I28: https://maps.app.goo.gl/qYyV4pYMmyXpHWUS6 | J28: Yes | K28: Residential | L28: Concrete | M28: 2 | N28: Good | O28: North | P28: n/a | Q28: 0 | R28: na | S28: n/a | T28: -- | Z28: South | AA28: n/a | AB28: 0 | AC28: na | AD28: n/a | AE28: -- | AK28: North | AL28: FFL Gutter | AM28: 0.6 | AN28: 2020 | AO28: Good | AP28: -- | AQ28: South | AR28: 0.6 | AS28: 2020 | AT28: Good | AU28: -- | AV28: No | AW28: n/a | AX28: na | AY28: 0 | AZ28: n/a | BA28: Yes | BB28: Maintenance | BC28: -- | BD28: LED- Pole | BE28: Good
A29: 46228.432 | D29: 28 | E29: 1st main A | G29: Siddrameshwara badavane | H29: 225 | I29: https://maps.app.goo.gl/GCbNP1vpsCcVpKG18?g_st=ac | J29: No | K29: Residential | L29: Mud | N29: Required | O29: North | P29: Bund | Q29: ?? | R29: ?? | S29: ?? | T29: Pavement required | Z29: West | AA29: Bund | AB29: ?? | AC29: ?? | AD29: ?? | AE29: Pavement required | AK29: North | AL29: Required | AM29: 0.6 | AN29: ?? | AO29: Required | AP29: Drains required | AQ29: South | AR29: 0 | AS29: na | AT29: Required | AU29: Drains required | AV29: No | AW29: n/a | AX29: na | AY29: 0 | AZ29: n/a | BA29: No | BB29: ?? | BC29: -- | BD29: LED- Pole | BE29: Good
A30: 46228.436 | C30: Prashanth gouda | D30: 29 | E30: 1st main A1 | G30: Siddrameshwara badavane | H30: 246 | I30: https://maps.app.goo.gl/VexQPgpTcK9stuXc8 | J30: No | K30: Residential | L30: Concrete | M30: 3.7 | N30: Good | O30: North | P30: Bund | Q30: 2.2 | S30: Required | T30: -- | Z30: South | AA30: Bund | AB30: 2.2 | AC30: na | AD30: Required | AE30: -- | AK30: North | AL30: FFL Gutter | AM30: 0.6 | AN30: 2022 | AO30: Good | AP30: -- | AQ30: South | AR30: 0.6 | AS30: 2022 | AT30: Required | AU30: -- | AV30: No | AW30: n/a | AX30: na | AY30: 0 | AZ30: n/a | BA30: No | BB30: ?? | BC30: -- | BD30: LED- Pole | BE30: Good
A31: 46228.439 | C31: Prashantgouda 0 | D31: 30 | E31: 1st main A2 | G31: Siddrameshwara badavane | H31: 103 | I31: https://maps.app.goo.gl/Gyte2Ym1A7gVH1P9A?g_st=ac | J31: No | K31: Residential | L31: Mud | M31: 3.5 | N31: Good | O31: North | P31: Bund | Q31: 2.5 | S31: Required | T31: -- | Z31: South | AA31: Bund | AB31: 2.5 | AC31: na | AD31: Required | AE31: -- | AK31: North | AL31: FFL Gutter | AM31: 0.6 | AN31: 2022 | AO31: Good | AP31: -- | AQ31: South | AR31: 0.6 | AS31: 2022 | AT31: Good | AU31: -- | AV31: No | AW31: n/a | AX31: na | AY31: 0 | AZ31: n/a | BA31: No | BB31: Required | BC31: -- | BD31: LED- Pole | BE31: Good
A32: 46228.442 | C32: Prashanth gouda | D32: 31 | E32: 1st main A3 | G32: Mandaki batti | H32: 131 | I32: https://maps.app.goo.gl/EPiDB89RWVuwzdT98?g_st=ac | J32: No | K32: Residential | L32: Concrete | M32: 3.5 | N32: Good | O32: North | P32: Bund | Q32: 2.5 | S32: Required | T32: -- | Z32: South | AA32: Bund | AB32: 2.5 | AC32: na | AD32: Required | AE32: -- | AK32: North | AL32: FFL Gutter | AM32: 0.6 | AN32: 2022 | AO32: Good | AP32: -- | AQ32: South | AR32: 0.6 | AS32: 2022 | AT32: Good | AU32: -- | AV32: No | AW32: n/a | AX32: na | AY32: 0 | AZ32: n/a | BA32: No | BB32: Required | BC32: -- | BD32: LED- Pole | BE32: Good
A33: 46228.446 | C33: Prashanth gouda | D33: 32 | E33: 1st main A4 | G33: Mandaki batti | H33: 139 | I33: https://maps.app.goo.gl/roQp3nEBCazbajW98 | J33: No | K33: Residential | L33: Mud | M33: 3.5 | N33: Good | O33: East | P33: Bund | Q33: 2.5 | S33: Required | T33: -- | Z33: West | AA33: Bund | AB33: 2.5 | AC33: na | AD33: Required | AE33: -- | AK33: East | AL33: FFL Gutter | AM33: 0.6 | AN33: 2022 | AO33: Good | AP33: -- | AQ33: West | AR33: 0.6 | AS33: 2022 | AT33: Good | AU33: -- | AV33: No | AW33: n/a | AX33: na | AY33: 0 | AZ33: n/a | BA33: No | BB33: Required | BC33: -- | BD33: LED- Pole | BE33: Good
A34: 46228.449 | C34: Prashanth gouda | D34: 33 | E34: 1st main A5 | G34: Siddrameshwara badavane | H34: 104 | I34: https://maps.app.goo.gl/xpvZkofXeCZ2MJs78?g_st=ac | J34: No | K34: Residential | L34: Concrete | M34: 3.5 | N34: Good | O34: East | P34: Bund | Q34: 2.5 | S34: Required | T34: -- | Z34: West | AA34: Bund | AB34: 2.5 | AC34: na | AD34: Required | AE34: -- | AK34: East | AL34: FFL Gutter | AM34: 0.6 | AN34: 2022 | AO34: Good | AP34: -- | AQ34: West | AR34: 0.6 | AS34: 2022 | AT34: Good | AU34: -- | AV34: No | AW34: n/a | AX34: na | AY34: 0 | AZ34: n/a | BA34: No | BB34: Required | BC34: -- | BD34: LED- Pole | BE34: Good
A35: 46228.451 | C35: Prashantgouda | D35: 34 | E35: 1st main A6 | G35: Siddrameshwara badavane | H35: 103 | I35: https://maps.app.goo.gl/jN3HSy1G9U6NNS9G8 | J35: No | K35: Residential | L35: Concrete | M35: 3.5 | N35: Good | O35: East | P35: Bund | Q35: 2.5 | S35: Required | T35: -- | Z35: West | AA35: Bund | AB35: 2.5 | AC35: na | AD35: Required | AE35: -- | AK35: East | AL35: FFL Gutter | AM35: 0.6 | AN35: 2022 | AO35: Good | AP35: -- | AQ35: West | AR35: 0.6 | AS35: 2022 | AT35: Good | AU35: -- | AV35: No | AW35: n/a | AX35: na | AY35: 0 | AZ35: n/a | BA35: No | BB35: Required | BC35: -- | BD35: LED- Pole | BE35: Good
A36: 46228.454 | C36: Prashantgouda | D36: 36 | E36: 1st main A7 | G36: Siddrameshwara badavane | H36: 90 | I36: https://maps.app.goo.gl/CYcLL6F5vdt224Xw5 | J36: No | K36: Residential | L36: Concrete | M36: 3.5 | N36: Good | O36: East | P36: Bund | Q36: 2.5 | R36: na | S36: Required | T36: -- | Z36: West | AA36: Bund | AB36: 2.5 | AC36: na | AD36: Required | AE36: -- | AK36: East | AL36: FFL Gutter | AM36: 0.6 | AN36: 2022 | AO36: Good | AP36: -- | AQ36: West | AR36: 0.6 | AS36: 2022 | AT36: Good | AU36: -- | AV36: No | AW36: n/a | AX36: na | AY36: 0 | AZ36: n/a | BA36: No | BB36: Required | BC36: -- | BD36: LED- Pole | BE36: Good
A37: 46228.456 | C37: Prashanth gouda | D37: 38 | E37: 1st main A8 | G37: Siddrameshwara badavane | H37: 69 | I37: https://maps.app.goo.gl/B75DtKzRCGJ5tGgEA?g_st=ac | J37: No | K37: Residential | L37: Concrete | M37: 3.5 | N37: Good | O37: East | P37: Bund | Q37: 3.5 | R37: na | S37: ?? | T37: -- | Z37: West | AA37: Bund | AB37: 2.5 | AC37: na | AD37: ?? | AE37: -- | AK37: East | AL37: FFL Gutter | AM37: 0.6 | AN37: 2022 | AO37: Good | AP37: -- | AQ37: West | AR37: 0.6 | AS37: 2022 | AT37: Good | AU37: -- | AV37: No | AW37: n/a | AX37: na | AY37: 0 | AZ37: n/a | BA37: No | BB37: Required | BC37: -- | BD37: LED- Pole | BE37: Good
A38: 46227.453 | C38: Vishalaxi.B.T | D38: 62 | E38: 1st main | G38: Mandaki batti | H38: 232 | I38: https://maps.app.goo.gl/PS2wrF9qx4FZstJ76 | J38: No | K38: Comercial | L38: Concrete | M38: 5.3 | N38: Good | O38: East | P38: Pavers | Q38: 3 | R38: 2022 | S38: Good | T38: -- | Z38: West | AA38: Pavers | AB38: 3 | AC38: 2022 | AD38: ?? | AE38: -- | AK38: East | AL38: Elevated Gutter | AM38: 1.1 | AN38: 2022 | AO38: Good | AP38: -- | AQ38: West | AR38: 1.1 | AS38: 2022 | AT38: Good | AU38: -- | AV38: Yes | AW38: PVC | AX38: 2022 | AY38: 0.2 | AZ38: Good | BA38: No | BB38: Required | BC38: -- | BD38: LED- Pole | BE38: Good
A39: 46228.452 | C39: Vishalaxi | D39: 35 | E39: 1st main | F39: 11th cross | G39: Mandaki batti | H39: 269 | I39: https://maps.app.goo.gl/a4nSjUo1XAt5FUAw7 | J39: No | K39: Residential | L39: Concrete | M39: 5.5 | N39: Good | O39: North | P39: Bund | Q39: ?? | R39: ?? | S39: Required | T39: Pavement required | Z39: South | AA39: Bund | AB39: ?? | AC39: ?? | AD39: Required | AE39: -- | AK39: North | AL39: FFL Gutter | AM39: 1.1 | AN39: 2022 | AO39: Good | AP39: -- | AQ39: South | AR39: 1.1 | AS39: 2022 | AT39: Good | AU39: -- | AV39: Yes | AW39: PVC | AX39: 2022 | AY39: 0.15 | AZ39: Good | BA39: No | BB39: ?? | BC39: -- | BD39: LED- Pole | BE39: Good
A40: 46228.454 | D40: 37 | E40: 1st main | F40: 11 th cross A | G40: Mandaki batti | H40: 45 | I40: https://maps.app.goo.gl/oL9aC5k7Jtz1vfPQ9 | J40: No | K40: Residential | L40: Concrete | M40: 2.8 | N40: Good | O40: East | P40: n/a | Q40: 0 | R40: na | S40: n/a | T40: -- | Z40: West | AA40: n/a | AB40: 0 | AC40: na | AD40: ?? | AE40: -- | AK40: East | AL40: FFL Gutter | AM40: 0.8 | AN40: 2022 | AO40: Good | AP40: -- | AQ40: West | AR40: 0.8 | AS40: 2022 | AT40: Good | AU40: -- | AV40: Yes | AW40: PVC | AX40: 2022 | AY40: 0.15 | AZ40: Good | BA40: No | BB40: Required | BC40: -- | BD40: LED- Pole | BE40: Good
A41: 46228.456 | D41: 39 | E41: 1st main | F41: 11th cross B | G41: Mandaki batti | H41: 42 | I41: https://maps.app.goo.gl/KHrBuuMLGfa9UZ687 | J41: No | K41: Residential | L41: Concrete | M41: 2.8 | N41: Good | O41: East | P41: n/a | Q41: 0 | R41: na | S41: n/a | T41: -- | Z41: West | AA41: n/a | AB41: 0 | AC41: na | AD41: n/a | AE41: -- | AK41: East | AL41: FFL Gutter | AM41: 0.8 | AN41: 2022 | AO41: Good | AP41: -- | AQ41: West | AR41: 0.8 | AS41: 2022 | AT41: Good | AU41: -- | AV41: Yes | AW41: PVC | AX41: 2022 | AY41: 0.15 | AZ41: Good | BA41: No | BB41: Required | BC41: -- | BD41: LED- Pole | BE41: Good
A42: 46228.458 | D42: 40 | E42: 1st main | F42: 11th cross C | G42: Mandaki batti | H42: 42 | I42: https://maps.app.goo.gl/KcucurVAp9hh3eBt8?g_st=ac | J42: No | K42: Residential | L42: Concrete | M42: 2.8 | N42: Good | O42: East | P42: n/a | Q42: 0 | R42: na | S42: n/a | T42: -- | Z42: West | AA42: n/a | AB42: 0 | AC42: na | AD42: n/a | AE42: -- | AK42: East | AL42: FFL Gutter | AM42: 0.8 | AN42: 2022 | AO42: Good | AP42: -- | AQ42: West | AR42: 0.8 | AS42: 2022 | AT42: Good | AU42: -- | AV42: Yes | AW42: PVC | AX42: 2022 | AY42: 0.15 | AZ42: Good | BA42: No | BB42: Required | BC42: -- | BD42: LED- Pole | BE42: Good
A43: 46228.46 | D43: 41 | E43: 1st main | F43: 11th cross D | G43: Mandaki batti | H43: 42 | I43: https://maps.app.goo.gl/izeTrSbTBZzXycPT6?g_st=ac | J43: No | K43: Residential | L43: Concrete | M43: 2.8 | N43: Good | O43: East | P43: n/a | Q43: 0 | R43: na | S43: n/a | T43: -- | Z43: West | AA43: n/a | AB43: 0 | AC43: na | AD43: n/a | AE43: -- | AK43: East | AL43: FFL Gutter | AM43: 0.8 | AN43: 2022 | AO43: Good | AP43: -- | AQ43: West | AR43: 0.8 | AS43: 2022 | AT43: Good | AU43: -- | AV43: Yes | AW43: PVC | AX43: 2022 | AY43: 0.15 | AZ43: Good | BA43: No | BB43: Required | BC43: -- | BD43: LED- Pole | BE43: Good
A44: 46228.462 | D44: 42 | E44: 1st main | F44: 11th cross E | G44: Mandaki batti | H44: 42 | I44: https://maps.app.goo.gl/t3HGcRt7S62LG1Cz5?g_st=ac | J44: No | K44: Residential | L44: Concrete | M44: 2.8 | N44: Good | O44: East | P44: n/a | Q44: 0 | R44: na | S44: n/a | T44: -- | Z44: West | AA44: n/a | AB44: 0 | AC44: na | AD44: n/a | AE44: -- | AK44: East | AL44: FFL Gutter | AM44: 0.8 | AN44: 2022 | AO44: Good | AP44: -- | AQ44: West | AR44: 0.8 | AS44: 2022 | AT44: Good | AU44: -- | AV44: Yes | AW44: PVC | AX44: 2022 | AY44: 0.15 | AZ44: Good | BA44: No | BB44: Required | BC44: -- | BD44: LED- Pole | BE44: Good
A45: 46228.464 | D45: 43 | E45: 1st main | F45: 11th cross E1 | G45: Mandaki batti | H45: 42 | I45: https://maps.app.goo.gl/TC9PFqDZiTnZ6oPM8?g_st=ac | J45: No | K45: Residential | L45: Concrete | M45: 2.8 | N45: Good | O45: East | P45: n/a | Q45: 0 | R45: na | S45: n/a | T45: -- | Z45: West | AA45: n/a | AB45: 0 | AC45: na | AD45: n/a | AE45: -- | AK45: East | AL45: FFL Gutter | AM45: 0.8 | AN45: 2022 | AO45: Good | AP45: -- | AQ45: West | AR45: 0.8 | AS45: 2022 | AT45: Good | AU45: -- | AV45: Yes | AW45: PVC | AX45: 2022 | AY45: 0.15 | AZ45: Good | BA45: No | BB45: Required | BC45: -- | BD45: LED- Pole | BE45: Good
A46: 46228.466 | D46: 44 | E46: 1st main | F46: 11th cross E2 | G46: Mandaki batti | H46: 42 | I46: https://maps.app.goo.gl/MnayCo5toFbUcmhV6 | J46: No | K46: Residential | L46: Concrete | M46: 2.8 | N46: Good | O46: East | P46: n/a | Q46: 0 | R46: na | S46: n/a | T46: -- | Z46: West | AA46: n/a | AB46: 0 | AC46: na | AD46: n/a | AE46: -- | AK46: East | AL46: FFL Gutter | AM46: 0.8 | AN46: 2022 | AO46: Good | AP46: -- | AQ46: West | AR46: 0.8 | AS46: 2022 | AT46: Good | AU46: -- | AV46: Yes | AW46: PVC | AX46: 2022 | AY46: 0.15 | AZ46: Good | BA46: No | BB46: Required | BC46: -- | BD46: LED- Pole | BE46: Good
A47: 46228.468 | D47: 45 | E47: 1st main | F47: 11th cross F | G47: Mandaki batti | H47: 42 | I47: https://maps.app.goo.gl/crWi5yrqaWbeEBaU7?g_st=ac | J47: No | K47: Residential | L47: Concrete | M47: 2.8 | N47: Good | O47: East | P47: n/a | Q47: 0 | R47: na | S47: n/a | T47: -- | Z47: West | AA47: n/a | AB47: 0 | AC47: na | AD47: n/a | AE47: -- | AK47: East | AL47: FFL Gutter | AM47: 0.8 | AN47: 2022 | AO47: Good | AP47: -- | AQ47: West | AR47: 0.8 | AS47: 2022 | AT47: Good | AU47: -- | AV47: Yes | AW47: PVC | AX47: 2022 | AY47: 0.15 | AZ47: Good | BA47: No | BB47: Required | BC47: -- | BD47: LED- Pole | BE47: Good
A48: 46228.476 | D48: 47 | E48: 1st main | F48: 11th cross G | G48: Mandaki batti | H48: 42 | I48: https://maps.app.goo.gl/1zeBgaueo3K66TBq6?g_st=ac | J48: No | K48: Residential | L48: Concrete | M48: 3.2 | N48: Good | O48: East | P48: n/a | Q48: 0 | R48: na | S48: n/a | T48: -- | Z48: West | AA48: n/a | AB48: 0 | AC48: na | AD48: n/a | AE48: -- | AK48: East | AL48: FFL Gutter | AM48: 0.8 | AN48: 2022 | AO48: Good | AP48: -- | AQ48: West | AR48: 0.8 | AS48: 2022 | AT48: Good | AU48: -- | AV48: Yes | AW48: PVC | AX48: 2022 | AY48: 0.15 | AZ48: Good | BA48: No | BB48: Required | BC48: -- | BD48: LED- Pole | BE48: Good
A49: 46228.48 | D49: 48 | E49: 1st main | F49: 11th cross H | G49: Mandaki batti | H49: 42 | I49: https://maps.app.goo.gl/fMTmMQq34qXsN2X99?g_st=ac | J49: No | K49: Residential | L49: Concrete | M49: 3.2 | N49: Good | O49: East | P49: n/a | Q49: 0 | R49: na | S49: n/a | T49: -- | Z49: West | AA49: n/a | AB49: 0 | AC49: na | AD49: n/a | AE49: -- | AK49: East | AL49: FFL Gutter | AM49: 0.8 | AN49: 2022 | AO49: Good | AP49: -- | AQ49: West | AR49: 0.8 | AS49: 2022 | AT49: Good | AU49: -- | AV49: Yes | AW49: PVC | AX49: 2022 | AY49: 0.15 | AZ49: Good | BA49: No | BB49: Required | BC49: -- | BD49: LED- Pole | BE49: Good
A50: 46228.484 | D50: 50 | E50: 1st main | F50: 11th cross l | G50: Mandaki batti | H50: 42 | I50: https://maps.app.goo.gl/SkBGFBNfSGrrNKU3A | J50: No | K50: Residential | L50: Concrete | M50: 3.2 | N50: Good | O50: East | P50: n/a | Q50: 0 | R50: na | S50: n/a | T50: -- | Z50: West | AA50: n/a | AB50: 0 | AC50: na | AD50: n/a | AE50: -- | AK50: East | AL50: FFL Gutter | AM50: 0.8 | AN50: 2022 | AO50: Good | AP50: -- | AQ50: West | AR50: 0.8 | AS50: 2022 | AT50: Good | AU50: -- | AV50: Yes | AW50: PVC | AX50: 2022 | AY50: 0.15 | AZ50: Good | BA50: No | BB50: Required | BC50: -- | BD50: LED- Pole | BE50: Good
A51: 46228.485 | D51: 51 | E51: 1st main | F51: 11th cross J | G51: Mandaki batti | H51: 42 | I51: https://maps.app.goo.gl/SBCHKhQhHqzrqdqU7 | J51: No | K51: Residential | L51: Concrete | M51: 3.2 | N51: Good | O51: East | P51: n/a | Q51: 0 | R51: na | S51: n/a | T51: -- | Z51: West | AA51: n/a | AB51: 0 | AC51: na | AD51: n/a | AE51: -- | AK51: East | AL51: FFL Gutter | AM51: 0.8 | AN51: 2022 | AO51: Good | AP51: -- | AQ51: West | AR51: 0.8 | AS51: 2022 | AT51: Good | AU51: -- | AV51: Yes | AW51: PVC | AX51: 2022 | AY51: 0.15 | AZ51: Good | BA51: No | BB51: Required | BC51: -- | BD51: LED- Pole | BE51: Good
... A56: 46228.495 | D56: 58 | E56: 1st main | F56: 11th cross M | G56: Mandaki batti | H56: 42 | I56: https://maps.app.goo.gl/mcX7yB8PYjhF2ggy9 | J56: No | K56: Residential | L56: Concrete | M56: 3.2 | N56: Good | O56: East | P56: n/a | Q56: 0 | R56: na | S56: n/a | T56: -- | Z56: West | AA56: n/a | AB56: 0 | AC56: na | AD56: n/a | AE56: -- | AK56: East | AL56: FFL Gutter | AM56: 0.8 | AN56: 2022 | AO56: Good | AP56: -- | AQ56: West | AR56: 0.8 | AS56: 2022 | AT56: Good | AU56: -- | AV56: Yes | AW56: PVC | AX56: 2022 | AY56: 0.15 | AZ56: Good | BA56: No | BB56: Required | BC56: -- | BD56: LED- Pole | BE56: Good
A57: 46227.438 | C57: Vishalaxi.B.T | D57: 61 | E57: 1st main | F57: 1 st cross | G57: Mandaki batti | H57: 317 | I57: https://maps.app.goo.gl/ufy2G6jRCXpYvcDz5?g_st=ac | J57: Yes | K57: Comercial | L57: Concrete | M57: 6.6 | N57: Good | O57: North | P57: Pavers | Q57: 1.6 | R57: 2022 | S57: Good | T57: -- | Z57: South | AA57: Pavers | AB57: 1.6 | AC57: 2022 | AD57: Good | AE57: -- | AK57: North | AL57: FFL Gutter | AM57: 0.8 | AN57: 2022 | AO57: Good | AP57: -- | AQ57: South | AR57: 0.8 | AS57: 2022 | AT57: Good | AU57: -- | AV57: Yes | AW57: PVC | AX57: 2022 | AY57: 0.2 | AZ57: Good | BA57: No | BB57: Required | BC57: -- | BD57: LED- Pole | BE57: Good
A58: 46227.459 | C58: Vishalaxi.B.T | D58: 63 | E58: 1st main | F58: 2nd cross | G58: Mandaki batti | H58: 139 | I58: https://maps.app.goo.gl/u4GpWhRS8EnWHWxE6?g_st=ac | J58: Yes | K58: Comercial | L58: Concrete | M58: 5.5 | N58: Good | O58: North | P58: Bund | Q58: 0 | R58: na | S58: ?? | T58: Pavement required | Z58: South | AA58: Bund | AB58: 0 | AC58: na | AD58: ?? | AE58: Pavement required | AK58: North | AL58: Elevated Gutter | AM58: 0.8 | AN58: 2022 | AO58: Good | AP58: -- | AQ58: South | AR58: 0.8 | AS58: 2022 | AT58: Good | AU58: -- | AV58: Yes | AW58: PVC | AX58: 2022 | AY58: 0.2 | AZ58: Good | BA58: No | BB58: Required | BC58: -- | BD58: LED- Pole | BE58: Good
A59: 46227.462 | C59: Vishalaxi.B.T | D59: 64 | E59: 1st main | F59: 3rd cross | G59: Mandaki batti | H59: 315 | I59: https://maps.app.goo.gl/uGTiYAL5Wf19aprS7?g_st=ac | J59: No | K59: Comercial | L59: Concrete | M59: 5.5 | N59: Good | O59: North | P59: Pavers | Q59: 0.7 | R59: 2022 | S59: Good | T59: -- | Z59: South | AA59: Pavers | AB59: 0.7 | AC59: 2022 | AD59: Good | AE59: -- | AK59: North | AL59: Elevated Gutter | AM59: 0.8 | AN59: 2022 | AO59: Good | AP59: -- | AQ59: South | AR59: 0.8 | AS59: 2022 | AT59: Good | AU59: -- | AV59: Yes | AW59: PVC | AX59: 2022 | AY59: 0.2 | AZ59: Good | BA59: No | BB59: Required | BC59: -- | BD59: LED- Pole | BE59: Good
A60: 46227.464 | C60: Vishalaxi.B.T | D60: 65 | E60: 1st main | F60: 4th cross | G60: Mandaki batti | H60: 311 | I60: https://maps.app.goo.gl/fh3hpokbgywLHvkQ9 | J60: No | K60: Comercial | L60: Concrete | M60: 5.5 | N60: Good | O60: North | P60: Pavers | Q60: 0.7 | R60: 2022 | S60: Good | T60: -- | Z60: South | AA60: Pavers | AB60: 0.7 | AC60: 2022 | AD60: Good | AE60: -- | AK60: North | AL60: Elevated Gutter | AM60: 0.8 | AN60: 2022 | AO60: Good | AP60: -- | AQ60: South | AR60: 0.8 | AS60: 2022 | AT60: Good | AU60: -- | AV60: Yes | AW60: PVC | AX60: 2022 | AY60: 0.2 | AZ60: Good | BA60: No | BB60: Required | BC60: -- | BD60: LED- Pole | BE60: Good
A61: 46227.467 | C61: Vishalaxi.B.T | D61: 66 | E61: 1st main | F61: 5th cross | G61: Mandaki batti | H61: 313 | I61: https://maps.app.goo.gl/cHuE4GxaakqpvYEW7 | J61: Yes | K61: Comercial | L61: Concrete | M61: 5.7 | N61: Good | O61: North | P61: Pavers | Q61: 2.8 | R61: 2022 | S61: Good | T61: -- | Z61: South | AA61: Pavers | AB61: 2.8 | AC61: 2022 | AD61: Good | AE61: -- | AK61: North | AL61: Elevated Gutter | AM61: 0.8 | AN61: 2022 | AO61: Good | AP61: -- | AQ61: South | AR61: 0.8 | AS61: 2022 | AT61: Good | AU61: -- | AV61: Yes | AW61: PVC | AX61: 2022 | AY61: 0.2 | AZ61: Good | BA61: No | BB61: Required | BC61: -- | BD61: LED- Pole | BE61: Good
A62: 46227.471 | C62: Vishalaxi.B.T | D62: 67 | E62: 1st main | F62: 6th cross | G62: Mandaki batti | H62: 310 | I62: https://maps.app.goo.gl/e2kVtBo4TPaMp7EU6 | J62: No | K62: Comercial | L62: Concrete | M62: 5.5 | N62: Good | O62: North | P62: Pavers | Q62: 0.6 | R62: 2022 | S62: Good | T62: -- | Z62: South | AA62: Pavers | AB62: 0.6 | AC62: 2022 | AD62: Good | AE62: -- | AK62: North | AL62: Elevated Gutter | AM62: 0.8 | AN62: 2022 | AO62: Good | AP62: -- | AQ62: South | AR62: 0.8 | AS62: 2022 | AT62: Good | AU62: -- | AV62: Yes | AW62: PVC | AX62: 2022 | AY62: 0.2 | AZ62: Good | BA62: No | BB62: Required | BC62: -- | BD62: LED- Pole | BE62: Good
A63: 46227.476 | C63: Vishalaxi.B.T | D63: 68 | E63: 1st main | F63: 7th cross | G63: Mandaki batti | H63: 319 | I63: https://maps.app.goo.gl/mtVtsmUa87Xyxdc29 | J63: Yes | K63: Comercial | L63: Concrete | M63: 5.5 | N63: Good | O63: North | P63: Pavers | Q63: 1.5 | R63: 2022 | S63: Good | T63: -- | Z63: South | AA63: Pavers | AB63: 1.5 | AC63: 2022 | AD63: Good | AE63: -- | AK63: East | AL63: Elevated Gutter | AM63: 0.8 | AN63: 2022 | AO63: Good | AP63: -- | AQ63: South | AR63: 0.8 | AS63: 2022 | AT63: Good | AU63: -- | AV63: Yes | AW63: PVC | AX63: 2022 | AY63: 0.2 | AZ63: Good | BA63: No | BB63: Required | BC63: -- | BD63: LED- Pole | BE63: Good
A64: 46227.478 | C64: Vishalaxi.B.T | D64: 69 | E64: 1st main | F64: 8thcross | G64: Mandaki batti | H64: 268 | I64: https://maps.app.goo.gl/fYUAJmuSQKJc9c1a8?g_st=ac | J64: Yes | K64: Comercial | L64: Concrete | M64: 5.5 | N64: Good | O64: North | P64: Pavers | Q64: 1.1 | R64: 2022 | S64: Good | T64: -- | Z64: South | AA64: Pavers | AB64: 1.1 | AC64: 2022 | AD64: Good | AE64: -- | AK64: North | AL64: Elevated Gutter | AM64: 0.8 | AN64: 2022 | AO64: Good | AP64: -- | AQ64: South | AR64: 0.8 | AS64: 2022 | AT64: Good | AU64: -- | AV64: Yes | AW64: PVC | AX64: 2022 | AY64: 0.2 | AZ64: Good | BA64: No | BB64: Required | BC64: -- | BD64: LED- Pole | BE64: Good
A65: 46227.481 | C65: Vishalaxi.B.T | D65: 70 | E65: 1st main | F65: 9th cross | G65: Mandaki batti | H65: 303 | I65: https://maps.app.goo.gl/qZJBzjRoAGoxfyQm8?g_st=ac | J65: Yes | K65: Comercial | L65: Concrete | M65: 5.6 | N65: Good | O65: North | P65: Pavers | Q65: 1.4 | R65: 2022 | S65: Good | T65: -- | Z65: South | AA65: Pavers | AB65: 1.4 | AC65: 2022 | AD65: Good | AE65: -- | AK65: North | AL65: Elevated Gutter | AM65: 0.8 | AN65: 2022 | AO65: Good | AP65: -- | AQ65: South | AR65: 0.8 | AS65: 2022 | AT65: Good | AU65: -- | AV65: Yes | AW65: PVC | AX65: 2022 | AY65: 0.2 | AZ65: Good | BA65: No | BB65: Required | BC65: -- | BD65: LED- Pole | BE65: Good
A66: 46227.485 | C66: Vishalaxi.B.T | D66: 71 | E66: 1st main | F66: 10th cross | G66: Mandaki batti | H66: 307 | I66: https://maps.app.goo.gl/M9t8NSkvvR1vvUPQ6 | J66: Yes | K66: Comercial | L66: Concrete | M66: 5.5 | N66: Required | O66: North | P66: Pavers | Q66: 0.6 | R66: 2022 | S66: Good | T66: -- | Z66: South | AA66: Pavers | AB66: 0.6 | AC66: 2022 | AD66: Good | AE66: -- | AK66: North | AL66: Elevated Gutter | AM66: 0.8 | AN66: 2022 | AO66: Good | AP66: -- | AQ66: South | AR66: 0.8 | AS66: 2022 | AT66: Good | AU66: -- | AV66: Yes | AW66: PVC | AX66: 2022 | AY66: 0.2 | AZ66: Good | BA66: No | BB66: Required | BC66: -- | BD66: LED- Pole | BE66: Good
A67: 46228.483 | C67: Prashantgouda | D67: 49 | E67: 1st main | F67: 1stcross | G67: jogal road | H67: 221 | I67: https://maps.app.goo.gl/DYAagm6T5PsLfKiw7?g_st=ac | J67: No | K67: Residential | L67: Concrete | M67: 5 | N67: Good | O67: North | P67: Bund | Q67: 0 | R67: na | S67: Required | T67: -- | Z67: South | AA67: Bund | AB67: 0 | AC67: na | AD67: Required | AE67: -- | AK67: East | AL67: FFL Gutter | AM67: 0.8 | AN67: 2022 | AO67: Good | AP67: -- | AQ67: South | AR67: 0.8 | AS67: 2022 | AT67: Good | AU67: -- | AV67: Yes | AW67: PVC | AX67: 2022 | AY67: 0.2 | AZ67: Good | BA67: No | BB67: Required | BC67: -- | BD67: LED- Pole | BE67: Good
A68: 46228.486 | C68: Prashanth gouda | D68: 52 | E68: 1st main A2 | F68: 1st cross | G68: jogal road | H68: 41 | I68: https://maps.app.goo.gl/qE4tQYEXiErejy1v7?g_st=ac | J68: No | K68: Residential | L68: Concrete | M68: 5.5 | N68: Good | O68: East | P68: Bund | Q68: 0 | R68: na | S68: Required | T68: -- | Z68: West | AA68: Bund | AB68: 0 | AC68: na | AD68: Required | AE68: -- | AK68: East | AL68: FFL Gutter | AM68: 0.8 | AN68: 2022 | AO68: Maintenance | AP68: -- | AQ68: West | AR68: 0.8 | AS68: 2022 | AT68: Maintenance | AU68: -- | AV68: No | AW68: n/a | AX68: na | AY68: 0 | AZ68: n/a | BA68: No | BB68: Required | BC68: -- | BD68: LED- Pole | BE68: Good
A69: 46228.494 | C69: Prashanth gouda | D69: 57 | E69: 1st main A3 | F69: 2nd cross | G69: jogal road | H69: 29 | I69: https://maps.app.goo.gl/FPDDftGSHGgfQvTd6 | J69: No | K69: Comercial | L69: Mud | M69: 5.3 | N69: Required | O69: North | P69: n/a | Q69: 0 | R69: na | S69: Required | T69: -- | Z69: South | AA69: n/a | AB69: 0 | AC69: na | AD69: Required | AE69: -- | AK69: North | AL69: FFL Gutter | AM69: 0.6 | AN69: 2020 | AO69: Good | AP69: -- | AQ69: South | AR69: 0.6 | AS69: 2020 | AT69: Good | AU69: -- | AV69: No | AW69: n/a | AX69: na | AY69: 0 | AZ69: n/a | BA69: No | BB69: n/a | BC69: -- | BD69: LED- Pole | BE69: Good
A70: 46228.506 | C70: Prashanth gouda | D70: 59 | E70: 1st main | F70: 3rd cross | G70: Jogal road | H70: 105 | I70: https://maps.app.goo.gl/SmGqc1b83ge8kyDFA?g_st=ac | J70: No | K70: Comercial | L70: Concrete | M70: 5.2 | N70: Good | O70: North | P70: n/a | Q70: 0 | R70: na | S70: Required | T70: -- | Z70: South | AA70: n/a | AB70: 0 | AC70: na | AD70: Required | AE70: -- | AK70: East | AL70: FFL Gutter | AM70: ?? | AN70: ?? | AO70: Maintenance | AP70: -- | AQ70: West | AR70: 0.6 | AS70: ?? | AT70: Maintenance | AU70: -- | AV70: No | AW70: n/a | AX70: na | AY70: 0 | AZ70: n/a | BA70: No | BB70: n/a | BC70: -- | BD70: LED- Pole | BE70: Good
A71: 46228.515 | C71: Prashantgouda | D71: 60 | E71: 1st Main | F71: 4th cross | G71: Jogal road | H71: 162 | I71: https://maps.app.goo.gl/SZdsRcoe3T88qHQM6 | J71: No | K71: Comercial | L71: Gravell | M71: 5.8 | N71: Required | O71: East | P71: n/a | Q71: 0 | R71: na | S71: Required | T71: -- | Z71: West | AA71: n/a | AB71: 0 | AC71: na | AD71: Required | AE71: -- | AK71: East | AL71: Required | AM71: ?? | AN71: na | AO71: Required | AP71: -- | AQ71: West | AR71: 0 | AS71: na | AT71: Required | AU71: -- | AV71: No | AW71: n/a | AX71: na | AY71: 0 | AZ71: n/a | BA71: No | BB71: n/a | BC71: -- | BD71: LED- Pole | BE71: Good
A72: 46228.475 | C72: Prashantgouda | D72: 46 | E72: 1st main | G72: Jogal road | H72: 638 | I72: https://maps.app.goo.gl/AkhPAW7KNp9c5ad78?g_st=ac | J72: No | K72: Residential | L72: Concrete | M72: 5 | N72: Good | O72: East | P72: Bund | Q72: 1 | R72: na | S72: Required | T72: -- | Z72: West | AA72: Bund | AB72: 1 | AC72: na | AD72: Required | AE72: -- | AK72: East | AL72: FFL Gutter | AM72: 0.8 | AN72: 2020 | AO72: Good | AP72: -- | AQ72: West | AR72: 0.8 | AS72: 2020 | AT72: Good | AU72: -- | AV72: No | AW72: n/a | AX72: na | AY72: 0 | AZ72: n/a | BA72: No | BB72: Required | BC72: -- | BD72: LED- Pole | BE72: Good
A73: 46228.5 | C73: Prashanth gouda | D73: 73 | E73: 2md main | G73: Jogal road | H73: 573 | I73: https://maps.app.goo.gl/UESuUgY6C9knwhBD8 | J73: No | K73: Comercial | L73: Concrete | M73: 4.3 | N73: Required | O73: East | P73: n/a | Q73: 0 | R73: na | S73: Required | T73: -- | Z73: West | AA73: n/a | AB73: 0 | AC73: na | AD73: Required | AE73: -- | AK73: East | AL73: No Gutter | AM73: ?? | AN73: na | AO73: Required | AP73: -- | AQ73: West | AR73: 0 | AS73: na | AT73: Required | AU73: -- | AV73: No | AW73: n/a | AX73: na | AY73: 0 | AZ73: Required | BA73: No | BB73: Required | BC73: -- | BD73: LED- Pole | BE73: Good
A74: 46227.449 | C74: Vishalaxi.B.T | D74: 74 | E74: 2nd main | G74: Mandaki batti | H74: 415 | I74: https://maps.app.goo.gl/4uS2v85fnGf1QUBx5?g_st=ac | J74: No | K74: Comercial | L74: Concrete | M74: 7.1 | N74: Good | O74: East | P74: Pavers | Q74: 1.5 | R74: 2022 | S74: Good | T74: -- | Z74: West | AA74: Pavers | AB74: 1.5 | AC74: 2022 | AD74: Good | AE74: -- | AK74: East | AL74: Elevated Gutter | AN74: 2022 | AO74: Good | AP74: -- | AQ74: West | AR74: 1.5 | AS74: 2022 | AT74: Good | AU74: -- | AV74: Yes | AW74: PVC | AX74: 2022 | AY74: 0.2 | AZ74: Good | BA74: No | BB74: Required | BC74: -- | BD74: LED- Pole | BE74: Good
A75: 46225.517 | C75: Soumya s s | D75: 72 | E75: 2nd main | F75: 3rd cross | G75: Bidi layout | H75: 452 | I75: https://maps.app.goo.gl/PHkLwbNDAqph2Bsr9?g_st=ac | J75: No | K75: Residential | L75: Concrete | M75: 4.7 | N75: Good | O75: East | P75: Divider (Concrete) | Q75: 1.3 | R75: 45495 | S75: Good | T75: -- | Z75: West | AA75: Divider (Concrete) | AB75: 1.3 | AC75: 45495 | AD75: Good | AE75: -- | AK75: East | AL75: FFL Gutter | AM75: 0.9 | AN75: 45495 | AO75: Good | AP75: -- | AQ75: West | AR75: 0.9 | AS75: 45495 | AT75: Good | AU75: -- | AV75: Yes | AW75: PVC | AX75: 45495 | AY75: 0.15 | AZ75: Good | BA75: Yes | BB75: Maintenance | BC75: Jalasiri existed but no water supply | BD75: LED- Pole | BE75: Good
A76: 46226.429 | C76: Vishalaxi.B.T | D76: 75 | E76: 3rd main | G76: BIDI layout | H76: 267 | I76: https://maps.app.goo.gl/x2mLwmB8hm5WCY6r5?g_st=ac | J76: No | K76: Residential | L76: Concrete | M76: 4.9 | N76: Good | O76: East | P76: Pavers | Q76: 1.2 | R76: 2023 | S76: Required | T76: Pavement required | Z76: West | AA76: Bund | AB76: 0 | AC76: ?? | AD76: ?? | AE76: Pavement required | AK76: East | AL76: FFL Gutter | AM76: 0.9 | AN76: 2023 | AO76: Good | AP76: -- | AQ76: West | AR76: 0.9 | AS76: 2023 | AT76: Good | AU76: -- | AV76: Yes | AW76: PVC | AX76: 2023 | AY76: 0.2 | AZ76: Good | BA76: Yes | BB76: Maintenance | BC76: No water supply | BD76: LED- Pole | BE76: Good
A77: 46226.433 | C77: Vishalaxi.B.T | D77: 76 | E77: 3rd main | F77: 1st cross | G77: BIDI layout | H77: 94 | I77: https://maps.app.goo.gl/yu85disUwreHxxdV7 | J77: No | K77: Residential | L77: Concrete | M77: 5.4 | N77: Good | O77: North | P77: Bund | Q77: 0 | R77: na | S77: Required | T77: Pavement required | Z77: West | AA77: Bund | AB77: 0 | AC77: ?? | AD77: ?? | AE77: Pavement required | AK77: North | AL77: FFL Gutter | AM77: 0.6 | AN77: 2023 | AO77: Good | AP77: -- | AQ77: South | AR77: 0.6 | AS77: 2023 | AT77: Good | AU77: -- | AV77: Yes | AW77: PVC | AX77: 2023 | AY77: 0.15 | AZ77: Good | BA77: Yes | BB77: Maintenance | BC77: No water supply | BD77: LED- Pole | BE77: Good
A78: 46226.437 | C78: Vishalaxi.B.T | D78: 77 | E78: 3rd main | F78: 2 nd cross | G78: BIDI layout | H78: 98 | I78: https://maps.app.goo.gl/UnnfPUXHiSNP4vsh6?g_st=ac | J78: No | K78: Residential | L78: Concrete | M78: 3.5 | N78: Good | O78: North | P78: Bund | Q78: 0 | R78: ?? | S78: Required | T78: Pavement required | Z78: South | AA78: Pavers | AB78: 0.6 | AC78: 2023 | AD78: Good | AE78: -- | AK78: North | AL78: FFL Gutter | AM78: 0.6 | AN78: 2023 | AO78: Good | AP78: -- | AQ78: South | AR78: 0.6 | AS78: 2023 | AT78: Good | AU78: -- | AV78: Yes | AW78: PVC | AX78: 2023 | AY78: 0.15 | AZ78: Good | BA78: Yes | BB78: Maintenance | BC78: No water supply | BD78: LED- Pole | BE78: Good
A79: 46226.441 | C79: Vishalaxi.B.T | D79: 78 | E79: 3rd main | F79: 2nd cross(A) | G79: BIDI layout | H79: 59 | I79: https://maps.app.goo.gl/qJi6x1mgfBpKFhSq7?g_st=ac | J79: No | K79: Residential | L79: Concrete | M79: 4.1 | N79: Good | O79: East | P79: Pavers | Q79: 0.8 | R79: 2023 | S79: Good | T79: -- | Z79: West | AA79: Pavers | AB79: 0.8 | AC79: 2023 | AD79: Good | AE79: -- | AK79: East | AL79: FFL Gutter | AM79: 0.6 | AN79: 2023 | AO79: Good | AP79: -- | AQ79: West | AR79: 0.6 | AS79: 2023 | AT79: Good | AU79: -- | AV79: Yes | AW79: PVC | AX79: 2023 | AY79: 0.15 | AZ79: Good | BA79: Yes | BB79: Maintenance | BC79: No water supply | BD79: LED- Pole | BE79: Good
A80: 46226.445 | C80: Vishalaxi.B.T | D80: 79 | E80: 3rd main | F80: 2nd cross (B) | G80: BIDI LAYOUT | H80: 58 | I80: https://maps.app.goo.gl/P2jErRZDpZJyRANWA | J80: No | K80: Residential | L80: Concrete | M80: 4.1 | N80: Good | O80: East | P80: Pavers | Q80: 1 | R80: 2023 | S80: Good | T80: -- | Z80: West | AA80: Pavers | AB80: 1 | AC80: 2023 | AD80: Good | AE80: -- | AK80: East | AL80: FFL Gutter | AM80: 0.6 | AN80: 2023 | AO80: Good | AP80: -- | AQ80: West | AR80: 0.6 | AS80: 2023 | AT80: Good | AU80: -- | AV80: Yes | AW80: PVC | AX80: 2023 | AY80: 0.15 | AZ80: Good | BA80: Yes | BB80: Maintenance | BC80: No water supply | BD80: LED- Pole | BE80: Good
A81: 46226.454 | C81: Vishalaxi.B.T | D81: 80 | E81: 3rd main | F81: 3rd cross | G81: BIDI LAYOUT | H81: 95 | I81: https://maps.app.goo.gl/Bptw6KveTJPwneqFA?g_st=ac | J81: Yes | K81: Residential | L81: Concrete | M81: 4 | N81: Good | O81: North | P81: Pavers | Q81: 1.2 | R81: 2023 | S81: Good | T81: -- | Z81: South | AA81: Pavers | AB81: 4 | AC81: 2023 | AD81: Good | AE81: Good | AK81: North | AL81: FFL Gutter | AM81: 0.7 | AN81: 2023 | AO81: Good | AP81: -- | AQ81: South | AR81: 0.7 | AS81: 2023 | AT81: Good | AU81: -- | AV81: Yes | AW81: PVC | AX81: 2023 | AY81: 0.15 | AZ81: Good | BA81: Yes | BB81: Maintenance | BC81: No water supply | BD81: LED- Pole | BE81: Good
A82: 46227.443 | C82: Vishalaxi.B.T | D82: 81 | E82: 3rd main | G82: Mandaki batti | H82: 460 | I82: https://maps.app.goo.gl/wS6PLBxrSxcMopTh9 | J82: No | K82: Comercial | L82: Concrete | M82: 7.1 | N82: Good | O82: East | P82: Pavers | Q82: 1.4 | R82: 2022 | S82: Good | T82: -- | Z82: West | AA82: Pavers | AB82: 1.4 | AC82: 2022 | AD82: Good | AE82: -- | AK82: East | AL82: Elevated Gutter | AM82: 0.7 | AN82: 2022 | AO82: Good | AP82: -- | AQ82: West | AR82: 0.7 | AS82: 2022 | AT82: Good | AU82: -- | AV82: Yes | AW82: ?? | AX82: 2022 | AY82: 0.2 | AZ82: Good | BA82: No | BB82: Required | BC82: -- | BD82: LED- Pole | BE82: Good
A83: 46226.45 | C83: Vishalaxi.B.T | D83: 82 | E83: 4th main | G83: BIDI LAYOUT | H83: 146 | I83: https://maps.app.goo.gl/9r2bAUUyUjgdLAia8?g_st=ac | J83: No | K83: Residential | L83: Concrete | M83: 3.1 | N83: Good | O83: East | P83: Bund | Q83: ?? | R83: ?? | S83: ?? | T83: Pavement required | Z83: West | AA83: Bund | AB83: ?? | AC83: ?? | AD83: ?? | AE83: Pavement required | AK83: East | AL83: FFL Gutter | AM83: 0.6 | AN83: 2023 | AO83: Good | AP83: -- | AQ83: West | AR83: 0.6 | AS83: 2023 | AT83: Good | AU83: -- | AV83: Yes | AW83: PVC | AX83: 2023 | AY83: 0.15 | AZ83: Good | BA83: Yes | BB83: Maintenance | BC83: No water supply | BD83: LED- Pole | BE83: Good
A84: 46226.469 | C84: Vishalaxi.B.T | D84: 83 | E84: 5th main | G84: BIDI LAYOUT | H84: 59 | I84: https://maps.app.goo.gl/K7Ren2A44sdBD3zD7?g_st=ac | J84: No | K84: Residential | L84: Concrete | M84: 4.4 | N84: Good | O84: North | P84: Bund | Q84: 0.5 | S84: Required | T84: Pavement required | Z84: South | AA84: Bund | AB84: 0.5 | AC84: na | AD84: Required | AE84: Pavement required | AK84: North | AL84: FFL Gutter | AM84: 0.7 | AN84: 2022 | AO84: Good | AP84: -- | AQ84: South | AR84: 0.7 | AS84: 2022 | AT84: Good | AU84: -- | AV84: Yes | AW84: PVC | AX84: 2022 | AY84: 0.15 | AZ84: Good | BA84: Yes | BB84: Maintenance | BC84: No water supply | BD84: LED- Pole | BE84: Good
A85: 46226.473 | C85: Vishalaxi.B.T | D85: 84 | E85: 5th main | F85: 1st cross | G85: BIDI LAYOUT | H85: 93 | I85: https://maps.app.goo.gl/QivbM4no4QDCweAu5 | J85: No | K85: Residential | L85: Concrete | M85: 4.6 | N85: Good | O85: East | P85: ?? | Q85: 0 | R85: ?? | S85: ?? | T85: Pavement required | Z85: West | AA85: n/a | AB85: 0 | AC85: na | AD85: n/a | AE85: Pavement required | AK85: East | AL85: FFL Gutter | AM85: 0.6 | AN85: 2022 | AO85: Good | AP85: -- | AQ85: West | AR85: 0.6 | AS85: 2022 | AT85: Good | AU85: -- | AV85: Yes | AW85: PVC | AX85: 2022 | AY85: 0.15 | AZ85: Good | BA85: Yes | BB85: Maintenance | BC85: No water supply | BD85: LED- Pole | BE85: Good
A86: 46226.478 | C86: Vishalaxi.B.T | D86: 85 | E86: 5th main | F86: 1st cross( A) | G86: BIDI LAYOUT | H86: 97 | I86: https://maps.app.goo.gl/fQdVF1WAyhfKGtxJ7 | J86: No | K86: Residential | L86: Concrete | M86: 4.6 | N86: Good | O86: North | P86: Bund | Q86: 0.6 | R86: na | S86: Required | T86: Pavement required | Z86: South | AA86: Bund | AB86: 0.6 | AC86: na | AD86: Required | AE86: Pavement required | AK86: North | AL86: FFL Gutter | AM86: 0.6 | AN86: 2022 | AO86: Good | AP86: -- | AQ86: South | AR86: 0.6 | AS86: 2022 | AT86: Good | AU86: -- | AV86: Yes | AW86: PVC | AX86: 2022 | AY86: 0.15 | AZ86: Good | BA86: Yes | BB86: Maintenance | BC86: No water supply | BD86: LED- Pole | BE86: Good
A87: 46226.482 | C87: Vishalaxi.B.T | D87: 86 | E87: 5th main | F87: 1st cross (A1) | G87: BIDI LAYOUT | H87: 61 | I87: https://maps.app.goo.gl/riq7NEar7u9VGF4u6?g_st=ac | J87: No | K87: Residential | L87: Concrete | M87: 4 | N87: Good | O87: East | P87: Bund | Q87: 0.9 | R87: na | S87: Required | T87: Pavement required | Z87: West | AA87: Bund | AB87: 0.9 | AC87: na | AD87: Required | AE87: Pavement required | AK87: East | AL87: FFL Gutter | AM87: 0.6 | AN87: 2022 | AO87: Good | AP87: -- | AQ87: West | AR87: 0.6 | AS87: 2022 | AT87: Good | AU87: -- | AV87: Yes | AW87: PVC | AX87: 2022 | AY87: 0.15 | AZ87: Good | BA87: Yes | BB87: Maintenance | BC87: No water supply | BD87: LED- Pole | BE87: Good
A88: 46226.485 | C88: Vishalaxi.B.T | D88: 87 | E88: 5th main | F88: 1st cross (A2) | G88: BIDI LAYOUT | H88: 60 | I88: https://maps.app.goo.gl/DvBJwDGgUF2LrHAb7 | J88: No | K88: Residential | L88: Concrete | M88: 4.2 | N88: Good | O88: East | P88: Pavers | Q88: 0.4 | R88: 2022 | S88: Good | T88: -- | Z88: West | AA88: Pavers | AB88: 0.4 | AC88: 2022 | AD88: Good | AE88: -- | AK88: East | AL88: FFL Gutter | AM88: 0.6 | AN88: 2022 | AO88: Good | AP88: -- | AQ88: West | AR88: 0.6 | AS88: 2022 | AT88: Good | AU88: -- | AV88: Yes | AW88: PVC | AX88: 2022 | AY88: 0.15 | AZ88: Good | BA88: No | BB88: ?? | BC88: ?? | BD88: LED- Pole | BE88: Good
A89: 46226.488 | C89: Vishalaxi.B.T | D89: 88 | E89: 5th main | F89: 1st cross (A3) | G89: BIDI LAYOUT | H89: 59 | I89: https://maps.app.goo.gl/EnmykKyieBZT5Ly28 | J89: No | K89: Residential | L89: Concrete | M89: 4.1 | N89: Good | O89: East | P89: Pavers | Q89: 0.9 | R89: 2022 | S89: Good | T89: -- | Z89: West | AA89: Pavers | AB89: 0.9 | AC89: 2022 | AD89: Good | AE89: -- | AK89: East | AL89: FFL Gutter | AM89: 0.6 | AN89: 2022 | AO89: Good | AP89: -- | AQ89: West | AR89: 0.6 | AS89: 2022 | AT89: Good | AU89: -- | AV89: Yes | AW89: PVC | AX89: 2022 | AY89: 0.15 | AZ89: Good | BA89: Yes | BB89: Maintenance | BC89: No water supply | BD89: LED- Pole | BE89: Good
A90: 46226.461 | C90: Vishalaxi.B.T | D90: 89 | E90: Basha nagar main road | G90: Basha nagar | H90: 272 | I90: https://maps.app.goo.gl/pC9UTLis9dueCfeE6 | J90: Yes | K90: Comercial | L90: Concrete | M90: 5.6 | N90: Maintenance | O90: East | P90: Pavers | Q90: 2.6 | R90: 2002 | S90: Good | T90: -- | Z90: West | AA90: Pavers | AB90: 2.6 | AC90: 2002 | AD90: Good | AE90: Good | AK90: East | AL90: FFL Gutter | AM90: 1.6 | AN90: 2002 | AO90: Good | AP90: -- | AQ90: West | AR90: 1.7 | AS90: 2002 | AT90: Good | AU90: -- | AV90: Yes | AW90: PVC | AX90: 2002 | AY90: 0.2 | AZ90: Good | BA90: Yes | BB90: Maintenance | BC90: No water supply | BD90: LED- Pole | BE90: Good
A91: 46228.429 | C91: Pavan M | D91: 90 | E91: Curve near 1st main | G91: Siddrameshwara badavane | H91: 345 | I91: https://maps.app.goo.gl/wA45AjY3arigD9yM6 | J91: No | K91: Residential | L91: Mud | M91: ?? | N91: Required | O91: East | P91: Bund | Q91: ?? | R91: ?? | S91: ?? | T91: Pavement required | Z91: West | AA91: Bund | AB91: ?? | AC91: ?? | AD91: ?? | AE91: Pavement required | AK91: East | AL91: Required | AM91: ?? | AN91: ?? | AO91: ?? | AP91: Drains required | AQ91: West | AR91: 0 | AS91: na | AT91: Required | AU91: Drains required | AV91: No | AW91: n/a | AX91: na | AY91: 0 | AZ91: n/a | BA91: No | BB91: Required | BC91: -- | BD91: LED- Pole | BE91: Good
A92: 46228.466 | C92: Prashantgouda | D92: 92 | E92: Koli chennappa ring road | G92: Mandaki batti | H92: 160 | I92: https://maps.app.goo.gl/Mer8374bTegewqtH6 | J92: No | K92: Comercial | L92: ?? | M92: 9.5 | N92: Required | O92: East | P92: Bund | Q92: 0 | R92: na | S92: Required | T92: -- | Z92: West | AA92: Bund | AB92: 0 | AC92: na | AD92: Required | AE92: -- | AK92: East | AL92: Required | AM92: ?? | AN92: ?? | AO92: ?? | AP92: -- | AQ92: West | AR92: 0 | AS92: na | AT92: Required | AU92: -- | AV92: No | AW92: n/a | AX92: na | AY92: 0 | AZ92: n/a | BA92: No | BB92: Required | BC92: -- | BD92: LED- Pole | BE92: Good
A93: 46228.468 | C93: Prashantgouda | D93: 93 | E93: Koli chennappa ring road A1 | G93: Mandaki batti | H93: 319 | I93: https://maps.app.goo.gl/n3hYv9SPqmwJn6J89 | J93: No | K93: Comercial | L93: Tar | M93: 5 | N93: Good | O93: East | P93: Bund | Q93: 0 | R93: na | S93: ?? | T93: -- | Z93: West | AA93: Bund | AB93: 0 | AC93: na | AD93: Required | AE93: -- | AK93: East | AL93: Required | AM93: ?? | AN93: ?? | AO93: ?? | AP93: -- | AQ93: West | AR93: 0 | AS93: na | AT93: Required | AU93: -- | AV93: No | AW93: n/a | AX93: na | AY93: 0 | AZ93: n/a | BA93: No | BB93: Required | BC93: -- | BD93: LED- Pole | BE93: Good
D94: 94
D95: 95
D96: 96
D97: 97
D98: 98
D99: 99
D100: 100
D101: 101
D102: 102
D103: 103
D104: 104
...

Sheet Data sheet
C1: Ward No: | E1: ="03" -> 03
C2: Ward Name: | E2: Siddrameshwara badavane, Mandakibatti Layout, AK Colony
C3: Total Number of Roads | F3: 93 | G3: nos
C4: Total Road Length | E4: =Form_Responses[[#TOTALS],[Dist. (m)]] -> 14071 | G4: km
E5: nos | F5: Length | G5: Area | H5: Action | I5: Std Rate min | J5: Std Rate max | K5: Estimation | L5: Notes
D6: unit | E6: # | F6: m | G6: sqm | I6: INR | K6: INR
B7: I. Road | C7: Rd.Sign | D7: Yes | E7: =COUNTIF('Form responses 1'!J2:J89,D7) -> 33 | G7: na | H7: na | I7: na | J7: na | K7: 0
D8: No | E8: =COUNTIF('Form responses 1'!J2:J89,D8) -> 55 | K8: =G8*AVERAGE(I8,J8) -> #DIV/0!
D9: Damaged | E9: =COUNTIF('Form responses 1'!J2:J89,D9) -> 0 | K9: =G9*AVERAGE(I9,J9) -> #DIV/0!
C10: Road Type | D10: Main Rd | E10: =COUNTIF('Form responses 1'!$K$2:$K$89,D10) -> 0 | G10: {=SUM(IF('Form responses 1'!$K$2:$K$89 = D10,'Form responses 1'!$H$2:$H$89*'Form responses 1'!$M$2:$M$89, ""))} -> 0 | H10: na | I10: na | J10: na | K10: 0
D11: Comercial | E11: =COUNTIF('Form responses 1'!$K$2:$K$89,D11) -> 18 | G11: {=SUM(IF('Form responses 1'!$K$2:$K$89 = D11,'Form responses 1'!$H$2:$H$89*'Form responses 1'!$M$2:$M$89, ""))} -> 29394.4 | H11: na | I11: na | J11: na | K11: 0
D12: Residential | E12: =COUNTIF('Form responses 1'!$K$2:$K$89,D12) -> 70 | G12: {=SUM(IF('Form responses 1'!$K$2:$K$89 = D12,'Form responses 1'!$H$2:$H$89*'Form responses 1'!$M$2:$M$89, ""))} -> 31110.5 | H12: na | I12: na | J12: na | K12: 0
D13: Conservency | E13: =COUNTIF('Form responses 1'!$K$2:$K$89,D13) -> 0 | G13: {=SUM(IF('Form responses 1'!$K$2:$K$89 = D13,'Form responses 1'!$H$2:$H$89*'Form responses 1'!$M$2:$M$89, ""))} -> 0 | H13: na | I13: na | J13: na | K13: 0
C14: Road Type | D14: Concrete | E14: =COUNTIF('Form responses 1'!$L$2:$L$89,D14) -> 83 | G14: {=SUM(IF('Form responses 1'!$L$2:$L$89 = D14,'Form responses 1'!$H$2:$H$89*'Form responses 1'!$M$2:$M$89, ""))} -> 58564.6 | K14: =G14*AVERAGE(I14,J14) -> #DIV/0!
D15: Gravell | E15: =COUNTIF('Form responses 1'!$L$2:$L$89,D15) -> 1 | G15: {=SUM(IF('Form responses 1'!$L$2:$L$89 = D15,'Form responses 1'!$H$2:$H$89*'Form responses 1'!$M$2:$M$89, ""))} -> 939.6 | H15: Convert to concrete | I15: 2000 | K15: =G15*AVERAGE(I15,J15) -> 1879200
D16: Mud | E16: =COUNTIF('Form responses 1'!$L$2:$L$89,D16) -> 4 | G16: {=SUM(IF('Form responses 1'!$L$2:$L$89 = D16,'Form responses 1'!$H$2:$H$89*'Form responses 1'!$M$2:$M$89, ""))} -> 1000.7 | H16: Convert to concrete | I16: 3500 | K16: =G16*AVERAGE(I16,J16) -> 3502450
D17: Tar | E17: =COUNTIF('Form responses 1'!$L$2:$L$89,D17) -> 0 | G17: {=SUM(IF('Form responses 1'!$L$2:$L$89 = D17,'Form responses 1'!$H$2:$H$89*'Form responses 1'!$M$2:$M$89, ""))} -> 0 | K17: =G17*AVERAGE(I17,J17) -> #DIV/0!
D18: White Topping | E18: =COUNTIF('Form responses 1'!$L$2:$L$89,D18) -> 0 | G18: {=SUM(IF('Form responses 1'!$L$2:$L$89 = D18,'Form responses 1'!$H$2:$H$89*'Form responses 1'!$M$2:$M$89, ""))} -> 0 | K18: =G18*AVERAGE(I18,J18) -> #DIV/0!
B19: II. Attachment (N,S,E,W) | C19: Type (N/S) + (E/W) | D19: Pavers | E19: =COUNTIF('Form responses 1'!$P$2:$P$89,D19)+COUNTIF('Form responses 1'!$AA$2:$AA$89,D19) -> 39 | G19: =SUMPRODUCT(('Form responses 1'!$P$2:$P$89=D19)*'Form responses 1'!$H$2:$H$89*N('Form responses 1'!$Q$2:$Q$89))+SUMPRODUCT(('Form responses 1'!$AA$2:$AA$89=D19)*'Form responses 1'!$H$2:$H$89*N('Form responses 1'!$AB$2:$AB$89)) -> 12210.4 | I19: 2100 | K19: =G19*AVERAGE(I19,J19) -> 25641840
D20: Pavers (Elevated) | E20: =COUNTIF('Form responses 1'!$P$2:$P$89,D20)+COUNTIF('Form responses 1'!$AA$2:$AA$89,D20) -> 2 | G20: =SUMPRODUCT(('Form responses 1'!$P$2:$P$89=D20)*'Form responses 1'!$H$2:$H$89*N('Form responses 1'!$Q$2:$Q$89))+SUMPRODUCT(('Form responses 1'!$AA$2:$AA$89=D20)*'Form responses 1'!$H$2:$H$89*N('Form responses 1'!$AB$2:$AB$89)) -> 142.8 | I20: 1800 | J20: 1500 | K20: =G20*AVERAGE(I20,J20) -> 235620
D21: Pavers Ramp (Elevated) | E21: =COUNTIF('Form responses 1'!$P$2:$P$89,D21)+COUNTIF('Form responses 1'!$AA$2:$AA$89,D21) -> 0 | G21: =SUMPRODUCT(('Form responses 1'!$P$2:$P$89=D21)*'Form responses 1'!$H$2:$H$89*N('Form responses 1'!$Q$2:$Q$89))+SUMPRODUCT(('Form responses 1'!$AA$2:$AA$89=D21)*'Form responses 1'!$H$2:$H$89*N('Form responses 1'!$AB$2:$AB$89)) -> 0 | I21: 1800 | K21: =G21*AVERAGE(I21,J21) -> 0
D22: Divider (Concrete) | E22: =COUNTIF('Form responses 1'!$P$2:$P$89,D22)+COUNTIF('Form responses 1'!$AA$2:$AA$89,D22) -> 19 | G22: =SUMPRODUCT(('Form responses 1'!$P$2:$P$89=D22)*'Form responses 1'!$H$2:$H$89*N('Form responses 1'!$Q$2:$Q$89))+SUMPRODUCT(('Form responses 1'!$AA$2:$AA$89=D22)*'Form responses 1'!$H$2:$H$89*N('Form responses 1'!$AB$2:$AB$89)) -> 4558.6 | K22: =G22*AVERAGE(I22,J22) -> #DIV/0!
D23: Divider (Planter) | E23: =COUNTIF('Form responses 1'!$P$2:$P$89,D23)+COUNTIF('Form responses 1'!$AA$2:$AA$89,D23) -> 0 | G23: =SUMPRODUCT(('Form responses 1'!$P$2:$P$89=D23)*'Form responses 1'!$H$2:$H$89*N('Form responses 1'!$Q$2:$Q$89))+SUMPRODUCT(('Form responses 1'!$AA$2:$AA$89=D23)*'Form responses 1'!$H$2:$H$89*N('Form responses 1'!$AB$2:$AB$89)) -> 0 | K23: =G23*AVERAGE(I23,J23) -> #DIV/0!
D24: Curb (Planterbox) | E24: =COUNTIF('Form responses 1'!$P$2:$P$89,D24)+COUNTIF('Form responses 1'!$AA$2:$AA$89,D24) -> 0 | G24: =SUMPRODUCT(('Form responses 1'!$P$2:$P$89=D24)*'Form responses 1'!$H$2:$H$89*N('Form responses 1'!$Q$2:$Q$89))+SUMPRODUCT(('Form responses 1'!$AA$2:$AA$89=D24)*'Form responses 1'!$H$2:$H$89*N('Form responses 1'!$AB$2:$AB$89)) -> 0 | K24: =G24*AVERAGE(I24,J24) -> #DIV/0!
D25: Exposed Soil | E25: =COUNTIF('Form responses 1'!$P$2:$P$89,D25)+COUNTIF('Form responses 1'!$AA$2:$AA$89,D25) -> 0 | G25: =SUMPRODUCT(('Form responses 1'!$P$2:$P$89=D25)*'Form responses 1'!$H$2:$H$89*N('Form responses 1'!$Q$2:$Q$89))+SUMPRODUCT(('Form responses 1'!$AA$2:$AA$89=D25)*'Form responses 1'!$H$2:$H$89*N('Form responses 1'!$AB$2:$AB$89)) -> 0 | H25: PER CUM | I25: 452 | K25: =G25*AVERAGE(I25,J25) -> 0
D26: Bund | E26: =COUNTIF('Form responses 1'!$P$2:$P$89,D26)+COUNTIF('Form responses 1'!$AA$2:$AA$89,D26) -> 50 | G26: =SUMPRODUCT(('Form responses 1'!$P$2:$P$89=D26)*'Form responses 1'!$H$2:$H$89*N('Form responses 1'!$Q$2:$Q$89))+SUMPRODUCT(('Form responses 1'!$AA$2:$AA$89=D26)*'Form responses 1'!$H$2:$H$89*N('Form responses 1'!$AB$2:$AB$89)) -> 7401.15 | K26: =G26*AVERAGE(I26,J26) -> #DIV/0!
D27: Bund | E27: =COUNTIF('Form responses 1'!$P$2:$P$89,D27)+COUNTIF('Form responses 1'!$AA$2:$AA$89,D27) -> 50 | G27: =SUMPRODUCT(('Form responses 1'!$P$2:$P$89=D27)*'Form responses 1'!$H$2:$H$89*N('Form responses 1'!$Q$2:$Q$89))+SUMPRODUCT(('Form responses 1'!$AA$2:$AA$89=D27)*'Form responses 1'!$H$2:$H$89*N('Form responses 1'!$AB$2:$AB$89)) -> 7401.15 | K27: =G27*AVERAGE(I27,J27) -> #DIV/0!
D28: n/a | E28: =COUNTIF('Form responses 1'!$P$2:$P$89,D28)+COUNTIF('Form responses 1'!$AA$2:$AA$89,D28) -> 64 | G28: =SUMPRODUCT(('Form responses 1'!$P$2:$P$89=D28)*'Form responses 1'!$H$2:$H$89*N('Form responses 1'!$Q$2:$Q$89))+SUMPRODUCT(('Form responses 1'!$AA$2:$AA$89=D28)*'Form responses 1'!$H$2:$H$89*N('Form responses 1'!$AB$2:$AB$89)) -> 0 | K28: =G28*AVERAGE(I28,J28) -> #DIV/0!
C29: Condition | D29: Good | E29: =COUNTIF('Form responses 1'!$S$2:$S$89,D29)+COUNTIF('Form responses 1'!$AD$2:$AD$89,D29) -> 62 | G29: =SUMPRODUCT(('Form responses 1'!$S$2:$S$89=D29)*'Form responses 1'!$H$2:$H$89*N('Form responses 1'!$Q$2:$Q$89))+SUMPRODUCT(('Form responses 1'!$AD$2:$AD$89=D29)*'Form responses 1'!$H$2:$H$89*N('Form responses 1'!$AB$2:$AB$89)) -> 16050.9 | K29: =G29*AVERAGE(I29,J29) -> #DIV/0!
D30: Required | E30: =COUNTIF('Form responses 1'!$S$2:$S$89,D30)+COUNTIF('Form responses 1'!$AD$2:$AD$89,D30) -> 48 | G30: =SUMPRODUCT(('Form responses 1'!$S$2:$S$89=D30)*'Form responses 1'!$H$2:$H$89*N('Form responses 1'!$Q$2:$Q$89))+SUMPRODUCT(('Form responses 1'!$AD$2:$AD$89=D30)*'Form responses 1'!$H$2:$H$89*N('Form responses 1'!$AB$2:$AB$89)) -> 7048.55 | K30: =G30*AVERAGE(I30,J30) -> #DIV/0!
D31: Additional Required | E31: =COUNTIF('Form responses 1'!$S$2:$S$89,D31)+COUNTIF('Form responses 1'!$AD$2:$AD$89,D31) -> 0 | G31: =SUMPRODUCT(('Form responses 1'!$S$2:$S$89=D31)*'Form responses 1'!$H$2:$H$89*N('Form responses 1'!$Q$2:$Q$89))+SUMPRODUCT(('Form responses 1'!$AD$2:$AD$89=D31)*'Form responses 1'!$H$2:$H$89*N('Form responses 1'!$AB$2:$AB$89)) -> 0 | K31: =G31*AVERAGE(I31,J31) -> #DIV/0!
D32: Outdated | E32: =COUNTIF('Form responses 1'!$S$2:$S$89,D32)+COUNTIF('Form responses 1'!$AD$2:$AD$89,D32) -> 0 | G32: =SUMPRODUCT(('Form responses 1'!$S$2:$S$89=D32)*'Form responses 1'!$H$2:$H$89*N('Form responses 1'!$Q$2:$Q$89))+SUMPRODUCT(('Form responses 1'!$AD$2:$AD$89=D32)*'Form responses 1'!$H$2:$H$89*N('Form responses 1'!$AB$2:$AB$89)) -> 0 | K32: =G32*AVERAGE(I32,J32) -> #DIV/0!
D33: Maintenance | E33: =COUNTIF('Form responses 1'!$S$2:$S$89,D33)+COUNTIF('Form responses 1'!$AD$2:$AD$89,D33) -> 0 | G33: =SUMPRODUCT(('Form responses 1'!$S$2:$S$89=D33)*'Form responses 1'!$H$2:$H$89*N('Form responses 1'!$Q$2:$Q$89))+SUMPRODUCT(('Form responses 1'!$AD$2:$AD$89=D33)*'Form responses 1'!$H$2:$H$89*N('Form responses 1'!$AB$2:$AB$89)) -> 0 | K33: =G33*AVERAGE(I33,J33) -> #DIV/0!
D34: n/a | E34: =COUNTIF('Form responses 1'!$S$2:$S$89,D34)+COUNTIF('Form responses 1'!$AD$2:$AD$89,D34) -> 52 | G34: =SUMPRODUCT(('Form responses 1'!$S$2:$S$89=D34)*'Form responses 1'!$H$2:$H$89*N('Form responses 1'!$Q$2:$Q$89))+SUMPRODUCT(('Form responses 1'!$AD$2:$AD$89=D34)*'Form responses 1'!$H$2:$H$89*N('Form responses 1'!$AB$2:$AB$89)) -> 0 | K34: =G34*AVERAGE(I34,J34) -> #DIV/0!
B35: III. SWG (N,S,E,W) | D35: FFL Gutter | E35: =COUNTIF('Form responses 1'!$AL$2:$AL$89,D35) -> 73 | G35: =SUMPRODUCT(('Form responses 1'!$AL$2:$AL$89=D35)*'Form responses 1'!$H$2:$H$89*N('Form responses 1'!$AM$2:$AM$89))+SUMPRODUCT(('Form responses 1'!$AL$2:$AL$89=D35)*'Form responses 1'!$H$2:$H$89*N('Form responses 1'!$AR$2:$AR$89)) -> 12615.5 | H35: 0.6 | I35: 6000 | K35: =G35*AVERAGE(I35,J35) -> 75693000
D36: Elevated Gutter | E36: =COUNTIF('Form responses 1'!$AL$2:$AL$89,D36) -> 12 | G36: =SUMPRODUCT(('Form responses 1'!$AL$2:$AL$89=D36)*'Form responses 1'!$H$2:$H$89*N('Form responses 1'!$AM$2:$AM$89))+SUMPRODUCT(('Form responses 1'!$AL$2:$AL$89=D36)*'Form responses 1'!$H$2:$H$89*N('Form responses 1'!$AR$2:$AR$89)) -> 5912.9 | H36: 0.6 | I36: 6000 | K36: =G36*AVERAGE(I36,J36) -> 35477400
D37: No Gutter req | E37: =COUNTIF('Form responses 1'!$AL$2:$AL$89,D37) -> 0 | G37: =SUMPRODUCT(('Form responses 1'!$AL$2:$AL$89=D37)*'Form responses 1'!$H$2:$H$89*N('Form responses 1'!$AM$2:$AM$89))+SUMPRODUCT(('Form responses 1'!$AL$2:$AL$89=D37)*'Form responses 1'!$H$2:$H$89*N('Form responses 1'!$AR$2:$AR$89)) -> 0 | K37: =G37*AVERAGE(I37,J37) -> #DIV/0!
D38: Required | E38: =COUNTIF('Form responses 1'!$AL$2:$AL$89,D38) -> 2 | G38: =SUMPRODUCT(('Form responses 1'!$AL$2:$AL$89=D38)*'Form responses 1'!$H$2:$H$89*N('Form responses 1'!$AM$2:$AM$89))+SUMPRODUCT(('Form responses 1'!$AL$2:$AL$89=D38)*'Form responses 1'!$H$2:$H$89*N('Form responses 1'!$AR$2:$AR$89)) -> 135 | H38: 0.6 | I38: 6000 | K38: =G38*AVERAGE(I38,J38) -> 810000
C39: Condition | D39: Good | E39: =COUNTIF('Form responses 1'!$AO$2:$AO$89,D39)+COUNTIF('Form responses 1'!$AT$2:$AT$89,D39) -> 155 | G39: =SUMPRODUCT(('Form responses 1'!$AO$2:$AO$89=D39)*'Form responses 1'!$H$2:$H$89*N('Form responses 1'!$AM$2:$AM$89))+SUMPRODUCT(('Form responses 1'!$AT$2:$AT$89=D39)*'Form responses 1'!$H$2:$H$89*N('Form responses 1'!$AR$2:$AR$89)) -> 17769.8 | K39: =G39*AVERAGE(I39,J39) -> #DIV/0!
D40: Required | E40: =COUNTIF('Form responses 1'!$AO$2:$AO$89,D40)+COUNTIF('Form responses 1'!$AT$2:$AT$89,D40) -> 7 | G40: =SUMPRODUCT(('Form responses 1'!$AO$2:$AO$89=D40)*'Form responses 1'!$H$2:$H$89*N('Form responses 1'!$AM$2:$AM$89))+SUMPRODUCT(('Form responses 1'!$AT$2:$AT$89=D40)*'Form responses 1'!$H$2:$H$89*N('Form responses 1'!$AR$2:$AR$89)) -> 282.6 | K40: =G40*AVERAGE(I40,J40) -> #DIV/0!
D41: Additional Required | E41: =COUNTIF('Form responses 1'!$AO$2:$AO$89,D41)+COUNTIF('Form responses 1'!$AT$2:$AT$89,D41) -> 0 | G41: =SUMPRODUCT(('Form responses 1'!$AO$2:$AO$89=D41)*'Form responses 1'!$H$2:$H$89*N('Form responses 1'!$AM$2:$AM$89))+SUMPRODUCT(('Form responses 1'!$AT$2:$AT$89=D41)*'Form responses 1'!$H$2:$H$89*N('Form responses 1'!$AR$2:$AR$89)) -> 0 | K41: =G41*AVERAGE(I41,J41) -> #DIV/0!
D42: Outdated | E42: =COUNTIF('Form responses 1'!$AO$2:$AO$89,D42)+COUNTIF('Form responses 1'!$AT$2:$AT$89,D42) -> 0 | G42: =SUMPRODUCT(('Form responses 1'!$AO$2:$AO$89=D42)*'Form responses 1'!$H$2:$H$89*N('Form responses 1'!$AM$2:$AM$89))+SUMPRODUCT(('Form responses 1'!$AT$2:$AT$89=D42)*'Form responses 1'!$H$2:$H$89*N('Form responses 1'!$AR$2:$AR$89)) -> 0 | K42: =G42*AVERAGE(I42,J42) -> #DIV/0!
D43: Maintenance | E43: =COUNTIF('Form responses 1'!$AO$2:$AO$89,D43)+COUNTIF('Form responses 1'!$AT$2:$AT$89,D43) -> 13 | G43: =SUMPRODUCT(('Form responses 1'!$AO$2:$AO$89=D43)*'Form responses 1'!$H$2:$H$89*N('Form responses 1'!$AM$2:$AM$89))+SUMPRODUCT(('Form responses 1'!$AT$2:$AT$89=D43)*'Form responses 1'!$H$2:$H$89*N('Form responses 1'!$AR$2:$AR$89)) -> 539.6 | K43: =G43*AVERAGE(I43,J43) -> #DIV/0!
D44: n/a | E44: =COUNTIF('Form responses 1'!$AO$2:$AO$89,D44)+COUNTIF('Form responses 1'!$AT$2:$AT$89,D44) -> 0 | G44: =SUMPRODUCT(('Form responses 1'!$AO$2:$AO$89=D44)*'Form responses 1'!$H$2:$H$89*N('Form responses 1'!$AM$2:$AM$89))+SUMPRODUCT(('Form responses 1'!$AT$2:$AT$89=D44)*'Form responses 1'!$H$2:$H$89*N('Form responses 1'!$AR$2:$AR$89)) -> 0 | K44: =G44*AVERAGE(I44,J44) -> #DIV/0!
B45: IIV. UGD | C45: Existing | D45: Yes | E45: =COUNTIF('Form responses 1'!$AV$2:$AV$89,D45) -> 63 | G45: =SUMPRODUCT(('Form responses 1'!$AV$2:$AV$89=D45)*N('Form responses 1'!$H$2:$H$89)) -> 9339 | K45: =G45*AVERAGE(I45,J45) -> #DIV/0!
D46: No | E46: =COUNTIF('Form responses 1'!$AV$2:$AV$89,D46) -> 25 | G46: =SUMPRODUCT(('Form responses 1'!$AV$2:$AV$89=D46)*N('Form responses 1'!$H$2:$H$89)) -> 3636 | K46: =G46*AVERAGE(I46,J46) -> #DIV/0!
D47: Required | E47: =COUNTIF('Form responses 1'!$AV$2:$AV$89,D47) -> 0 | G47: =SUMPRODUCT(('Form responses 1'!$AV$2:$AV$89=D47)*N('Form responses 1'!$H$2:$H$89)) -> 0 | K47: =G47*AVERAGE(I47,J47) -> #DIV/0!
C48: Type | D48: Concrete | E48: =COUNTIF('Form responses 1'!$AW$2:$AW$89,D48) -> 0 | G48: =SUMPRODUCT(('Form responses 1'!$AW$2:$AW$89=D48)*N('Form responses 1'!$H$2:$H$89)) -> 0 | K48: =G48*AVERAGE(I48,J48) -> #DIV/0!
D49: Stone | E49: =COUNTIF('Form responses 1'!$AW$2:$AW$89,D49) -> 0 | G49: =SUMPRODUCT(('Form responses 1'!$AW$2:$AW$89=D49)*N('Form responses 1'!$H$2:$H$89)) -> 0 | K49: =G49*AVERAGE(I49,J49) -> #DIV/0!
D50: PVC | E50: =COUNTIF('Form responses 1'!$AW$2:$AW$89,D50) -> 62 | G50: =SUMPRODUCT(('Form responses 1'!$AW$2:$AW$89=D50)*N('Form responses 1'!$H$2:$H$89)) -> 8879 | K50: =G50*AVERAGE(I50,J50) -> #DIV/0!
D51: UPVC | E51: =COUNTIF('Form responses 1'!$AW$2:$AW$89,D51) -> 0 | G51: =SUMPRODUCT(('Form responses 1'!$AW$2:$AW$89=D51)*N('Form responses 1'!$H$2:$H$89)) -> 0 | K51: =G51*AVERAGE(I51,J51) -> #DIV/0!
C52: Condition | D52: Good | E52: =COUNTIF('Form responses 1'!$AZ$2:$AZ$89,D52) -> 63 | G52: =SUMPRODUCT(('Form responses 1'!$AZ$2:$AZ$89=D52)*N('Form responses 1'!$H$2:$H$89)) -> 9339 | K52: =G52*AVERAGE(I52,J52) -> #DIV/0!
D53: Required | E53: =COUNTIF('Form responses 1'!$AZ$2:$AZ$89,D53) -> 1 | G53: =SUMPRODUCT(('Form responses 1'!$AZ$2:$AZ$89=D53)*N('Form responses 1'!$H$2:$H$89)) -> 573 | K53: =G53*AVERAGE(I53,J53) -> #DIV/0!
D54: Additional Required | E54: =COUNTIF('Form responses 1'!$AZ$2:$AZ$89,D54) -> 0 | G54: =SUMPRODUCT(('Form responses 1'!$AZ$2:$AZ$89=D54)*N('Form responses 1'!$H$2:$H$89)) -> 0 | K54: =G54*AVERAGE(I54,J54) -> #DIV/0!
D55: Outdated | E55: =COUNTIF('Form responses 1'!$AZ$2:$AZ$89,D55) -> 0 | G55: =SUMPRODUCT(('Form responses 1'!$AZ$2:$AZ$89=D55)*N('Form responses 1'!$H$2:$H$89)) -> 0 | K55: =G55*AVERAGE(I55,J55) -> #DIV/0!
D56: Maintenance | E56: =COUNTIF('Form responses 1'!$AZ$2:$AZ$89,D56) -> 0 | G56: =SUMPRODUCT(('Form responses 1'!$AZ$2:$AZ$89=D56)*N('Form responses 1'!$H$2:$H$89)) -> 0 | K56: =G56*AVERAGE(I56,J56) -> #DIV/0!
D57: n/a | E57: =COUNTIF('Form responses 1'!$AZ$2:$AZ$89,D57) -> 24 | G57: =SUMPRODUCT(('Form responses 1'!$AZ$2:$AZ$89=D57)*N('Form responses 1'!$H$2:$H$89)) -> 3063 | K57: =G57*AVERAGE(I57,J57) -> #DIV/0!
B58: V. JALASIRI | C58: Existing | D58: Yes | E58: =COUNTIF('Form responses 1'!$BA$2:$BA$89,D58) -> 40 | K58: =G58*AVERAGE(I58,J58) -> #DIV/0!
D59: No | E59: =COUNTIF('Form responses 1'!$BA$2:$BA$89,D59) -> 48 | K59: =G59*AVERAGE(I59,J59) -> #DIV/0!
D60: Required | E60: =COUNTIF('Form responses 1'!$BA$2:$BA$89,D60) -> 0 | K60: =G60*AVERAGE(I60,J60) -> #DIV/0!
C61: Condition | D61: Good | E61: =COUNTIF('Form responses 1'!$BB$2:$BB$89,D61) -> 3 | K61: =G61*AVERAGE(I61,J61) -> #DIV/0!
D62: Required | E62: =COUNTIF('Form responses 1'!$BB$2:$BB$89,D62) -> 41 | K62: =G62*AVERAGE(I62,J62) -> #DIV/0!
D63: Additional Required | E63: =COUNTIF('Form responses 1'!$BB$2:$BB$89,D63) -> 0 | K63: =G63*AVERAGE(I63,J63) -> #DIV/0!
D64: Outdated | E64: =COUNTIF('Form responses 1'!$BB$2:$BB$89,D64) -> 0 | K64: =G64*AVERAGE(I64,J64) -> #DIV/0!
D65: Maintenance | E65: =COUNTIF('Form responses 1'!$BB$2:$BB$89,D65) -> 37 | K65: =G65*AVERAGE(I65,J65) -> #DIV/0!
D66: n/a | E66: =COUNTIF('Form responses 1'!$BB$2:$BB$89,D66) -> 3 | K66: =G66*AVERAGE(I66,J66) -> #DIV/0!
B67: VI.ELECTRICAL | C67: Type | D67: LED- LT Line | E67: =COUNTIF('Form responses 1'!$BD$2:$BD$89,D67) -> 0 | K67: =G67*AVERAGE(I67,J67) -> #DIV/0!
D68: LED- Pole | E68: =COUNTIF('Form responses 1'!$BD$2:$BD$89,D68) -> 88 | K68: =G68*AVERAGE(I68,J68) -> #DIV/0!
D69: Solar | E69: =COUNTIF('Form responses 1'!$BD$2:$BD$89,D69) -> 0 | K69: =G69*AVERAGE(I69,J69) -> #DIV/0!
D70: Sodium | E70: =COUNTIF('Form responses 1'!$BD$2:$BD$89,D70) -> 0 | K70: =G70*AVERAGE(I70,J70) -> #DIV/0!
D71: Required | E71: =COUNTIF('Form responses 1'!$BD$2:$BD$89,D71) -> 0 | K71: =G71*AVERAGE(I71,J71) -> #DIV/0!
D72: n/a | E72: =COUNTIF('Form responses 1'!$BD$2:$BD$89,D72) -> 0 | K72: =G72*AVERAGE(I72,J72) -> #DIV/0!
C73: Condition | D73: Good | E73: =COUNTIF('Form responses 1'!$BE$2:$BE$89,D73) -> 88 | K73: =G73*AVERAGE(I73,J73) -> #DIV/0!
D74: Required | E74: =COUNTIF('Form responses 1'!$BE$2:$BE$89,D74) -> 0 | K74: =G74*AVERAGE(I74,J74) -> #DIV/0!
D75: Additional Required | E75: =COUNTIF('Form responses 1'!$BE$2:$BE$89,D75) -> 0 | K75: =G75*AVERAGE(I75,J75) -> #DIV/0!
D76: Outdated | E76: =COUNTIF('Form responses 1'!$BE$2:$BE$89,D76) -> 0 | K76: =G76*AVERAGE(I76,J76) -> #DIV/0!
D77: Maintenance | E77: =COUNTIF('Form responses 1'!$BE$2:$BE$89,D77) -> 0 | K77: =G77*AVERAGE(I77,J77) -> #DIV/0!
D78: n/a | E78: =COUNTIF('Form responses 1'!$BE$2:$BE$89,D78) -> 0 | K78: =G78*AVERAGE(I78,J78) -> #DIV/0!
D79: North
D80: East
D81: South
D82: West
D83: ??

Sheet Sheet5
